"Schema","Entity","MFrag","Resident","ISA_Context"
"Schema","Entity","MFrag","Resident","ISA_Context"
"Schema","Entity","MFrag","Resident","ISA_Context"
"Schema","Entity","MFrag","Resident","ISA_Context"
"Schema","Entity","MFrag","Resident","ISA_Context"
"Schema","Entity","MFrag","Resident","ISA_Context"
"Schema","Entity","MFrag","Resident","ISA_Context"
"Schema","Entity","MFrag","Resident","ISA_Context"
"Schema","Entity","MFrag","Resident","ISA_Context"
"Schema","Entity","MFrag","Resident","ISA_Context"
"Schema","Entity","MFrag","Resident","ISA_Context"
"Schema","Entity","MFrag","Resident","ISA_Context"
"Schema","Entity","MFrag","Resident","ISA_Context"
"Schema","Entity","MFrag","Resident","ISA_Context"
"Schema","Entity","MFrag","Resident","ISA_Context"
"Schema","Entity","MFrag","Resident","ISA_Context"
"Schema","Entity","MFrag","Resident","ISA_Context"
"Schema","Entity","MFrag","Resident","ISA_Context"
"Schema","Entity","MFrag","Resident","ISA_Context"
"Schema","Entity","MFrag","Resident","ISA_Context"
"Schema","Entity","MFrag","Resident","ISA_Context"
"Schema","Entity","MFrag","Resident","ISA_Context"
"Schema","Entity","MFrag","Resident","ISA_Context"
"Schema","Entity","MFrag","Resident","ISA_Context"
"Schema","Entity","MFrag","Resident","ISA_Context"
"Schema","Entity","MFrag","Resident","ISA_Context"
"Schema","Entity","MFrag","Resident","ISA_Context"
"Schema","Entity","MFrag","Resident","ISA_Context"
"Schema","Entity","MFrag","Resident","ISA_Context"
"Schema","Entity","MFrag","Resident","ISA_Context"
"Schema","Entity","MFrag","Resident","ISA_Context"
"Schema","Entity","MFrag","Resident","ISA_Context"
"Schema","Entity","MFrag","Resident","ISA_Context"
