"Schema","ERS","RRS","Attribute"
"Schema","ERS","RRS","Attribute"
"Schema","ERS","RRS","Attribute"
"Schema","ERS","RRS","Attribute"
"Schema","ERS","RRS","Attribute"
"Schema","ERS","RRS","Attribute"
"Schema","ERS","RRS","Attribute"
"Schema","ERS","RRS","Attribute"
"Schema","ERS","RRS","Attribute"
"Schema","ERS","RRS","Attribute"
"Schema","ERS","RRS","Attribute"
"Schema","ERS","RRS","Attribute"
"Schema","ERS","RRS","Attribute"
"Schema","ERS","RRS","Attribute"
"Schema","ERS","RRS","Attribute"
"Schema","ERS","RRS","Attribute"
"Schema","ERS","RRS","Attribute"
"Schema","ERS","RRS","Attribute"
"Schema","ERS","RRS","Attribute"
"Schema","ERS","RRS","Attribute"
"Schema","ERS","RRS","Attribute"
"Schema","ERS","RRS","Attribute"
"Schema","ERS","RRS","Attribute"
"Schema","ERS","RRS","Attribute"
"Schema","ERS","RRS","Attribute"
"Schema","ERS","RRS","Attribute"
"Schema","ERS","RRS","Attribute"
"Schema","ERS","RRS","Attribute"
"Schema","ERS","RRS","Attribute"
"Schema","ERS","RRS","Attribute"
"Schema","ERS","RRS","Attribute"
"Schema","ERS","RRS","Attribute"
"Schema","ERS","RRS","Attribute"
