"TargetType","Mission","Activity","Latitude","Longitude","Altitude","Time","MEM","Iter","Evidences","groundTruth"
"0.039263385346103095","0.04798720900160511","0.07790044989713776","2.4266609357485702","0.7964464299590124","0.42658431915869327","21472","293","15.0","defineEvidence( LatitudeReport_g1_s1_t1 , 27.19427712206932); 
defineEvidence( LongitudeReport_g1_s1_t1 , 69.84272967707345); 
defineEvidence( AltitudeReport_g1_s1_t1 , 924.9000153708807); 
defineEvidence( DistanceToCIReport_g1_s1_t1 , 1302.9177456963052); 
defineEvidence( DirectionToCIReport_g1_s1_t1 , 20.305749237194654); 
defineEvidence( ImageReport_g1_s1_t1 , HumanWithWeapon); 
defineEvidence( TemperatureReport_g1_s1_t1 , 95.62743109824132); 
defineEvidence( SizeReport_g1_s1_t1 , 2.1994294206499316); 
defineEvidence( RegionTypeReport_g1_s1_t1 , road); 
defineEvidence( DistanceToSensor_g1_s1_t1 , Mid); 
","TargetType_g1: ThreateningGroundTarget
Mission_g1_t2: Attack
Activity_g1_t2: HeadingToCI
Latitude_g1_t2: 23.770510757374005
Longitude_g1_t2: 68.50933569816932
Altitude_g1_t2: 925.0048846436247
"
"1.0883101006310682E-5","2.5934091934471418E-5","0.04366356908364328","1.4618936023047804","0.8241389603032566","3.5040872612234994","10064","300","7.0","defineEvidence( LatitudeReport_g1_s1_t1 , 17.811575549400942); 
defineEvidence( LongitudeReport_g1_s1_t1 , 64.92859723905642); 
defineEvidence( AltitudeReport_g1_s1_t1 , 8.518346892334375); 
defineEvidence( DistanceToCIReport_g1_s1_t1 , 1202.2535808494765); 
defineEvidence( DirectionToCIReport_g1_s1_t1 , 87.5686349198962); 
defineEvidence( ImageReport_g1_s1_t1 , Others); 
defineEvidence( TemperatureReport_g1_s1_t1 , 72.41320956331326); 
defineEvidence( SizeReport_g1_s1_t1 , 5.936685253206009); 
defineEvidence( RegionTypeReport_g1_s1_t1 , offroad); 
defineEvidence( DistanceToSensor_g1_s1_t1 , Mid); 
","TargetType_g1: Others
Mission_g1_t2: Others
Activity_g1_t2: HeadingToOthers
Latitude_g1_t2: 20.131222551401777
Longitude_g1_t2: 66.31396794459125
Altitude_g1_t2: 3.9977532324961347
"
"1.8401629492935356","3.665761111631764","3.7474529985139426","0.49146491235803264","0.5790299767637569","0.4399265280305404","14801","302","11.0","defineEvidence( LatitudeReport_g1_s1_t1 , 23.234981315610685); 
defineEvidence( LongitudeReport_g1_s1_t1 , 69.35660292001302); 
defineEvidence( AltitudeReport_g1_s1_t1 , 925.2668513498672); 
defineEvidence( DistanceToCIReport_g1_s1_t1 , 1296.8173904641592); 
defineEvidence( DirectionToCIReport_g1_s1_t1 , 18.93734568014169); 
defineEvidence( ImageReport_g1_s1_t1 , HumanWithWeapon); 
defineEvidence( TemperatureReport_g1_s1_t1 , 95.67004158579489); 
defineEvidence( SizeReport_g1_s1_t1 , -3.843289521496949); 
defineEvidence( RegionTypeReport_g1_s1_t1 , offroad); 
defineEvidence( DistanceToSensor_g1_s1_t1 , Mid); 
","TargetType_g1: ThreateningGroundTarget
Mission_g1_t2: Attack
Activity_g1_t2: HeadingToCI
Latitude_g1_t2: 23.76074247024629
Longitude_g1_t2: 68.50106593272714
Altitude_g1_t2: 924.99889338207
"
"0.001401610892681215","0.003267496708646827","0.05958576693621856","1.2497725699450646","0.5339294038135841","2.614365919840695","12569","302","9.0","defineEvidence( LatitudeReport_g1_s1_t1 , 22.8022025338775); 
defineEvidence( LongitudeReport_g1_s1_t1 , 65.83656918044566); 
defineEvidence( AltitudeReport_g1_s1_t1 , 526.4793353734694); 
defineEvidence( DistanceToCIReport_g1_s1_t1 , 867.6904829464635); 
defineEvidence( DirectionToCIReport_g1_s1_t1 , 119.15720234714897); 
defineEvidence( ImageReport_g1_s1_t1 , Others); 
defineEvidence( TemperatureReport_g1_s1_t1 , 92.8931410488623); 
defineEvidence( SizeReport_g1_s1_t1 , 2.066574357994114); 
defineEvidence( RegionTypeReport_g1_s1_t1 , offroad); 
defineEvidence( DistanceToSensor_g1_s1_t1 , Short); 
","TargetType_g1: Others
Mission_g1_t2: Others
Activity_g1_t2: HeadingToOthers
Latitude_g1_t2: 20.79450337039589
Longitude_g1_t2: 65.04813508911978
Altitude_g1_t2: 529.9913548023881
"
"0.0014016108926812377","0.003267496708646897","0.05958576693622093","0.3960034773380299","0.9894266096789617","1.2242028554329212","12504","302","9.0","defineEvidence( LatitudeReport_g1_s1_t1 , 20.911675301670424); 
defineEvidence( LongitudeReport_g1_s1_t1 , 63.40190022638747); 
defineEvidence( AltitudeReport_g1_s1_t1 , 528.0307705722881); 
defineEvidence( DistanceToCIReport_g1_s1_t1 , 869.23446250621); 
defineEvidence( DirectionToCIReport_g1_s1_t1 , 116.23701289492126); 
defineEvidence( ImageReport_g1_s1_t1 , Others); 
defineEvidence( TemperatureReport_g1_s1_t1 , 92.8931410488623); 
defineEvidence( SizeReport_g1_s1_t1 , 2.066574357994114); 
defineEvidence( RegionTypeReport_g1_s1_t1 , offroad); 
defineEvidence( DistanceToSensor_g1_s1_t1 , Short); 
","TargetType_g1: Others
Mission_g1_t2: Others
Activity_g1_t2: HeadingToOthers
Latitude_g1_t2: 20.79450337039589
Longitude_g1_t2: 65.04813508911978
Altitude_g1_t2: 529.9913548023881
"
"1.2823433528541306","2.6084763434749503","2.6842762775692144","1.2491529803205086","0.5329524050775651","2.6144078139366704","20189","302","15.0","defineEvidence( LatitudeReport_g1_s1_t1 , 22.8022025338775); 
defineEvidence( LongitudeReport_g1_s1_t1 , 65.83656918044566); 
defineEvidence( AltitudeReport_g1_s1_t1 , 526.4793353734694); 
defineEvidence( DistanceToCIReport_g1_s1_t1 , 867.6904829464635); 
defineEvidence( DirectionToCIReport_g1_s1_t1 , 119.15720234714897); 
defineEvidence( ImageReport_g1_s1_t1 , MilitaryFWA); 
defineEvidence( TemperatureReport_g1_s1_t1 , 96.91218433303102); 
defineEvidence( SizeReport_g1_s1_t1 , 0.8995791607638142); 
defineEvidence( RegionTypeReport_g1_s1_t1 , offroad); 
defineEvidence( DistanceToSensor_g1_s1_t1 , Short); 
","TargetType_g1: Others
Mission_g1_t2: Others
Activity_g1_t2: HeadingToOthers
Latitude_g1_t2: 20.79450337039589
Longitude_g1_t2: 65.04813508911978
Altitude_g1_t2: 529.9913548023881
"
"1.2823433528541306","2.6084763434749503","2.6842762775692144","1.2491529803205086","0.5329524050775651","2.6144078139366704","20056","302","15.0","defineEvidence( LatitudeReport_g1_s1_t1 , 22.8022025338775); 
defineEvidence( LongitudeReport_g1_s1_t1 , 65.83656918044566); 
defineEvidence( AltitudeReport_g1_s1_t1 , 526.4793353734694); 
defineEvidence( DistanceToCIReport_g1_s1_t1 , 867.6904829464635); 
defineEvidence( DirectionToCIReport_g1_s1_t1 , 119.15720234714897); 
defineEvidence( ImageReport_g1_s1_t1 , MilitaryFWA); 
defineEvidence( TemperatureReport_g1_s1_t1 , 96.91218433303102); 
defineEvidence( SizeReport_g1_s1_t1 , 0.8995791607638142); 
defineEvidence( RegionTypeReport_g1_s1_t1 , offroad); 
defineEvidence( DistanceToSensor_g1_s1_t1 , Short); 
","TargetType_g1: Others
Mission_g1_t2: Others
Activity_g1_t2: HeadingToOthers
Latitude_g1_t2: 20.79450337039589
Longitude_g1_t2: 65.04813508911978
Altitude_g1_t2: 529.9913548023881
"
"0.0012747358277333148","0.0029716526493753235","0.058600703151932214","0.4027099181080365","2.4352419208199403","3.977250236376504","12722","302","9.0","defineEvidence( LatitudeReport_g1_s1_t1 , 20.589684831850747); 
defineEvidence( LongitudeReport_g1_s1_t1 , 68.37690351215267); 
defineEvidence( AltitudeReport_g1_s1_t1 , 534.8810282547748); 
defineEvidence( DistanceToCIReport_g1_s1_t1 , 866.8680243591573); 
defineEvidence( DirectionToCIReport_g1_s1_t1 , 118.91095116720177); 
defineEvidence( ImageReport_g1_s1_t1 , Others); 
defineEvidence( TemperatureReport_g1_s1_t1 , 99.48298484567408); 
defineEvidence( SizeReport_g1_s1_t1 , 2.4797107054773933); 
defineEvidence( RegionTypeReport_g1_s1_t1 , offroad); 
defineEvidence( DistanceToSensor_g1_s1_t1 , Short); 
","TargetType_g1: Others
Mission_g1_t2: Others
Activity_g1_t2: HeadingToOthers
Latitude_g1_t2: 20.79398425374134
Longitude_g1_t2: 65.0415700787162
Altitude_g1_t2: 529.9898542231871
"
"2.2921625095262968E-4","5.351803558256045E-4","0.04835116179910806","0.4818202183474637","0.6326410285285344","0.791423670163771","10114","302","7.0","defineEvidence( LatitudeReport_g1_s1_t1 , 21.410304240214366); 
defineEvidence( LongitudeReport_g1_s1_t1 , 64.01077651679367); 
defineEvidence( AltitudeReport_g1_s1_t1 , 531.3200472708485); 
defineEvidence( DistanceToCIReport_g1_s1_t1 , 866.8224115122074); 
defineEvidence( DirectionToCIReport_g1_s1_t1 , 117.26288215483225); 
defineEvidence( ImageReport_g1_s1_t1 , Others); 
defineEvidence( TemperatureReport_g1_s1_t1 , 97.39917506262412); 
defineEvidence( SizeReport_g1_s1_t1 , 4.296401905198813); 
defineEvidence( RegionTypeReport_g1_s1_t1 , offroad); 
defineEvidence( DistanceToSensor_g1_s1_t1 , Short); 
","TargetType_g1: Others
Mission_g1_t2: Others
Activity_g1_t2: HeadingToOthers
Latitude_g1_t2: 20.79398425374134
Longitude_g1_t2: 65.0415700787162
Altitude_g1_t2: 529.9898542231871
"
"2.292162509526287E-4","5.351803558255966E-4","0.04835116179910733","0.40270952674754124","2.4352971739429385","3.977250982587622","10030","302","7.0","defineEvidence( LatitudeReport_g1_s1_t1 , 20.589684831850747); 
defineEvidence( LongitudeReport_g1_s1_t1 , 68.37690351215267); 
defineEvidence( AltitudeReport_g1_s1_t1 , 534.8810282547748); 
defineEvidence( DistanceToCIReport_g1_s1_t1 , 866.8680243591573); 
defineEvidence( DirectionToCIReport_g1_s1_t1 , 118.91095116720177); 
defineEvidence( ImageReport_g1_s1_t1 , Others); 
defineEvidence( TemperatureReport_g1_s1_t1 , 97.39917506262412); 
defineEvidence( SizeReport_g1_s1_t1 , 4.296401905198813); 
defineEvidence( RegionTypeReport_g1_s1_t1 , offroad); 
defineEvidence( DistanceToSensor_g1_s1_t1 , Short); 
","TargetType_g1: Others
Mission_g1_t2: Others
Activity_g1_t2: HeadingToOthers
Latitude_g1_t2: 20.79398425374134
Longitude_g1_t2: 65.0415700787162
Altitude_g1_t2: 529.9898542231871
"
"2.2921625095262968E-4","5.351803558256045E-4","0.04835116179910806","0.4818202183474637","0.6326410285285344","0.791423670163771","10146","302","7.0","defineEvidence( LatitudeReport_g1_s1_t1 , 21.410304240214366); 
defineEvidence( LongitudeReport_g1_s1_t1 , 64.01077651679367); 
defineEvidence( AltitudeReport_g1_s1_t1 , 531.3200472708485); 
defineEvidence( DistanceToCIReport_g1_s1_t1 , 866.8224115122074); 
defineEvidence( DirectionToCIReport_g1_s1_t1 , 117.26288215483225); 
defineEvidence( ImageReport_g1_s1_t1 , Others); 
defineEvidence( TemperatureReport_g1_s1_t1 , 97.39917506262412); 
defineEvidence( SizeReport_g1_s1_t1 , 4.296401905198813); 
defineEvidence( RegionTypeReport_g1_s1_t1 , offroad); 
defineEvidence( DistanceToSensor_g1_s1_t1 , Short); 
","TargetType_g1: Others
Mission_g1_t2: Others
Activity_g1_t2: HeadingToOthers
Latitude_g1_t2: 20.79398425374134
Longitude_g1_t2: 65.0415700787162
Altitude_g1_t2: 529.9898542231871
"
"8.775132394567694E-4","0.0020458032607342316","0.05529530529318812","0.4610336186801393","0.4625511061394058","0.4354951331171764","12679","302","9.0","defineEvidence( LatitudeReport_g1_s1_t1 , 21.33264950911933); 
defineEvidence( LongitudeReport_g1_s1_t1 , 65.60225238801961); 
defineEvidence( AltitudeReport_g1_s1_t1 , 530.4726062180948); 
defineEvidence( DistanceToCIReport_g1_s1_t1 , 869.6316191221048); 
defineEvidence( DirectionToCIReport_g1_s1_t1 , 117.96804362358105); 
defineEvidence( ImageReport_g1_s1_t1 , Others); 
defineEvidence( TemperatureReport_g1_s1_t1 , 101.25056312700146); 
defineEvidence( SizeReport_g1_s1_t1 , 3.1349520095494867); 
defineEvidence( RegionTypeReport_g1_s1_t1 , offroad); 
defineEvidence( DistanceToSensor_g1_s1_t1 , Short); 
","TargetType_g1: Others
Mission_g1_t2: Others
Activity_g1_t2: HeadingToOthers
Latitude_g1_t2: 20.793611673033382
Longitude_g1_t2: 65.03685823562185
Altitude_g1_t2: 529.9918078100712
"
"8.7751323945677E-4","0.0020458032607342334","0.055295305293188345","0.6362203976053772","0.522128464276383","0.5864238279514753","12633","302","9.0","defineEvidence( LatitudeReport_g1_s1_t1 , 19.765801148940316); 
defineEvidence( LongitudeReport_g1_s1_t1 , 64.27440105521913); 
defineEvidence( AltitudeReport_g1_s1_t1 , 530.9224809671141); 
defineEvidence( DistanceToCIReport_g1_s1_t1 , 869.9186974814985); 
defineEvidence( DirectionToCIReport_g1_s1_t1 , 117.51771347876556); 
defineEvidence( ImageReport_g1_s1_t1 , Others); 
defineEvidence( TemperatureReport_g1_s1_t1 , 101.25056312700146); 
defineEvidence( SizeReport_g1_s1_t1 , 3.1349520095494867); 
defineEvidence( RegionTypeReport_g1_s1_t1 , offroad); 
defineEvidence( DistanceToSensor_g1_s1_t1 , Short); 
","TargetType_g1: Others
Mission_g1_t2: Others
Activity_g1_t2: HeadingToOthers
Latitude_g1_t2: 20.793611673033382
Longitude_g1_t2: 65.03685823562185
Altitude_g1_t2: 529.9918078100712
"
"8.775132394567694E-4","0.0020458032607342316","0.05529530529318812","0.4610336186801393","0.4625511061394058","0.4354951331171764","12610","302","9.0","defineEvidence( LatitudeReport_g1_s1_t1 , 21.33264950911933); 
defineEvidence( LongitudeReport_g1_s1_t1 , 65.60225238801961); 
defineEvidence( AltitudeReport_g1_s1_t1 , 530.4726062180948); 
defineEvidence( DistanceToCIReport_g1_s1_t1 , 869.6316191221048); 
defineEvidence( DirectionToCIReport_g1_s1_t1 , 117.96804362358105); 
defineEvidence( ImageReport_g1_s1_t1 , Others); 
defineEvidence( TemperatureReport_g1_s1_t1 , 101.25056312700146); 
defineEvidence( SizeReport_g1_s1_t1 , 3.1349520095494867); 
defineEvidence( RegionTypeReport_g1_s1_t1 , offroad); 
defineEvidence( DistanceToSensor_g1_s1_t1 , Short); 
","TargetType_g1: Others
Mission_g1_t2: Others
Activity_g1_t2: HeadingToOthers
Latitude_g1_t2: 20.793611673033382
Longitude_g1_t2: 65.03685823562185
Altitude_g1_t2: 529.9918078100712
"
"0.001157140547816533","0.0026979707353027302","0.05766275072431057","0.6362208302596896","0.5221328495710665","0.5864237577773488","12684","302","9.0","defineEvidence( LatitudeReport_g1_s1_t1 , 19.765801148940316); 
defineEvidence( LongitudeReport_g1_s1_t1 , 64.27440105521913); 
defineEvidence( AltitudeReport_g1_s1_t1 , 530.9224809671141); 
defineEvidence( DistanceToCIReport_g1_s1_t1 , 869.9186974814985); 
defineEvidence( DirectionToCIReport_g1_s1_t1 , 117.51771347876556); 
defineEvidence( ImageReport_g1_s1_t1 , Others); 
defineEvidence( TemperatureReport_g1_s1_t1 , 94.51261401005466); 
defineEvidence( SizeReport_g1_s1_t1 , 1.1183312214812824); 
defineEvidence( RegionTypeReport_g1_s1_t1 , offroad); 
defineEvidence( DistanceToSensor_g1_s1_t1 , Short); 
","TargetType_g1: Others
Mission_g1_t2: Others
Activity_g1_t2: HeadingToOthers
Latitude_g1_t2: 20.793611673033382
Longitude_g1_t2: 65.03685823562185
Altitude_g1_t2: 529.9918078100712
"
"0.001157140547816533","0.0026979707353027302","0.05766275072431057","0.6362208302596896","0.5221328495710665","0.5864237577773488","12672","302","9.0","defineEvidence( LatitudeReport_g1_s1_t1 , 19.765801148940316); 
defineEvidence( LongitudeReport_g1_s1_t1 , 64.27440105521913); 
defineEvidence( AltitudeReport_g1_s1_t1 , 530.9224809671141); 
defineEvidence( DistanceToCIReport_g1_s1_t1 , 869.9186974814985); 
defineEvidence( DirectionToCIReport_g1_s1_t1 , 117.51771347876556); 
defineEvidence( ImageReport_g1_s1_t1 , Others); 
defineEvidence( TemperatureReport_g1_s1_t1 , 94.51261401005466); 
defineEvidence( SizeReport_g1_s1_t1 , 1.1183312214812824); 
defineEvidence( RegionTypeReport_g1_s1_t1 , offroad); 
defineEvidence( DistanceToSensor_g1_s1_t1 , Short); 
","TargetType_g1: Others
Mission_g1_t2: Others
Activity_g1_t2: HeadingToOthers
Latitude_g1_t2: 20.793611673033382
Longitude_g1_t2: 65.03685823562185
Altitude_g1_t2: 529.9918078100712
"
"0.001157140547816533","0.0026979707353027302","0.05766275072431057","0.6362208302596896","0.5221328495710665","0.5864237577773488","12602","302","9.0","defineEvidence( LatitudeReport_g1_s1_t1 , 19.765801148940316); 
defineEvidence( LongitudeReport_g1_s1_t1 , 64.27440105521913); 
defineEvidence( AltitudeReport_g1_s1_t1 , 530.9224809671141); 
defineEvidence( DistanceToCIReport_g1_s1_t1 , 869.9186974814985); 
defineEvidence( DirectionToCIReport_g1_s1_t1 , 117.51771347876556); 
defineEvidence( ImageReport_g1_s1_t1 , Others); 
defineEvidence( TemperatureReport_g1_s1_t1 , 94.51261401005466); 
defineEvidence( SizeReport_g1_s1_t1 , 1.1183312214812824); 
defineEvidence( RegionTypeReport_g1_s1_t1 , offroad); 
defineEvidence( DistanceToSensor_g1_s1_t1 , Short); 
","TargetType_g1: Others
Mission_g1_t2: Others
Activity_g1_t2: HeadingToOthers
Latitude_g1_t2: 20.793611673033382
Longitude_g1_t2: 65.03685823562185
Altitude_g1_t2: 529.9918078100712
"
"0.001157140547816533","0.0026979707353027302","0.05766275072431057","0.6362208302596896","0.5221328495710665","0.5864237577773488","12611","302","9.0","defineEvidence( LatitudeReport_g1_s1_t1 , 19.765801148940316); 
defineEvidence( LongitudeReport_g1_s1_t1 , 64.27440105521913); 
defineEvidence( AltitudeReport_g1_s1_t1 , 530.9224809671141); 
defineEvidence( DistanceToCIReport_g1_s1_t1 , 869.9186974814985); 
defineEvidence( DirectionToCIReport_g1_s1_t1 , 117.51771347876556); 
defineEvidence( ImageReport_g1_s1_t1 , Others); 
defineEvidence( TemperatureReport_g1_s1_t1 , 94.51261401005466); 
defineEvidence( SizeReport_g1_s1_t1 , 1.1183312214812824); 
defineEvidence( RegionTypeReport_g1_s1_t1 , offroad); 
defineEvidence( DistanceToSensor_g1_s1_t1 , Short); 
","TargetType_g1: Others
Mission_g1_t2: Others
Activity_g1_t2: HeadingToOthers
Latitude_g1_t2: 20.793611673033382
Longitude_g1_t2: 65.03685823562185
Altitude_g1_t2: 529.9918078100712
"
"0.0011571405478165327","0.0026979707353027285","0.05766275072431027","0.4610333872352234","0.4625478343574217","0.43549509541667564","12579","302","9.0","defineEvidence( LatitudeReport_g1_s1_t1 , 21.33264950911933); 
defineEvidence( LongitudeReport_g1_s1_t1 , 65.60225238801961); 
defineEvidence( AltitudeReport_g1_s1_t1 , 530.4726062180948); 
defineEvidence( DistanceToCIReport_g1_s1_t1 , 869.6316191221048); 
defineEvidence( DirectionToCIReport_g1_s1_t1 , 117.96804362358105); 
defineEvidence( ImageReport_g1_s1_t1 , Others); 
defineEvidence( TemperatureReport_g1_s1_t1 , 94.51261401005466); 
defineEvidence( SizeReport_g1_s1_t1 , 1.1183312214812824); 
defineEvidence( RegionTypeReport_g1_s1_t1 , offroad); 
defineEvidence( DistanceToSensor_g1_s1_t1 , Short); 
","TargetType_g1: Others
Mission_g1_t2: Others
Activity_g1_t2: HeadingToOthers
Latitude_g1_t2: 20.793611673033382
Longitude_g1_t2: 65.03685823562185
Altitude_g1_t2: 529.9918078100712
"
"2.6194612455054293E-5","6.174219264243245E-5","0.04432325150199638","1.7287950710941162","0.3867379867972732","0.7324786459256322","10120","302","7.0","defineEvidence( LatitudeReport_g1_s1_t1 , 23.380606170454147); 
defineEvidence( LongitudeReport_g1_s1_t1 , 65.11234247108744); 
defineEvidence( AltitudeReport_g1_s1_t1 , 531.2168139322073); 
defineEvidence( DistanceToCIReport_g1_s1_t1 , 870.8164762962992); 
defineEvidence( DirectionToCIReport_g1_s1_t1 , 118.44903216933628); 
defineEvidence( ImageReport_g1_s1_t1 , Others); 
defineEvidence( TemperatureReport_g1_s1_t1 , 99.51268978438756); 
defineEvidence( SizeReport_g1_s1_t1 , -1.6104475617952576); 
defineEvidence( RegionTypeReport_g1_s1_t1 , offroad); 
defineEvidence( DistanceToSensor_g1_s1_t1 , Short); 
","TargetType_g1: Others
Mission_g1_t2: Others
Activity_g1_t2: HeadingToOthers
Latitude_g1_t2: 20.793136387585808
Longitude_g1_t2: 65.03084753671511
Altitude_g1_t2: 529.9901244179334
"
"2.6194612455054425E-5","6.17421926424347E-5","0.044323251501997576","0.4048759000382731","0.384995393292908","1.006407569609576","10106","302","7.0","defineEvidence( LatitudeReport_g1_s1_t1 , 20.56763384622434); 
defineEvidence( LongitudeReport_g1_s1_t1 , 65.03011666143095); 
defineEvidence( AltitudeReport_g1_s1_t1 , 528.325675017328); 
defineEvidence( DistanceToCIReport_g1_s1_t1 , 870.3873942720145); 
defineEvidence( DirectionToCIReport_g1_s1_t1 , 116.4033172023594); 
defineEvidence( ImageReport_g1_s1_t1 , Others); 
defineEvidence( TemperatureReport_g1_s1_t1 , 99.51268978438756); 
defineEvidence( SizeReport_g1_s1_t1 , -1.6104475617952576); 
defineEvidence( RegionTypeReport_g1_s1_t1 , offroad); 
defineEvidence( DistanceToSensor_g1_s1_t1 , Short); 
","TargetType_g1: Others
Mission_g1_t2: Others
Activity_g1_t2: HeadingToOthers
Latitude_g1_t2: 20.793136387585808
Longitude_g1_t2: 65.03084753671511
Altitude_g1_t2: 529.9901244179334
"
"2.6194612455054425E-5","6.17421926424347E-5","0.044323251501997576","0.4048759000382731","0.384995393292908","1.006407569609576","10113","302","7.0","defineEvidence( LatitudeReport_g1_s1_t1 , 20.56763384622434); 
defineEvidence( LongitudeReport_g1_s1_t1 , 65.03011666143095); 
defineEvidence( AltitudeReport_g1_s1_t1 , 528.325675017328); 
defineEvidence( DistanceToCIReport_g1_s1_t1 , 870.3873942720145); 
defineEvidence( DirectionToCIReport_g1_s1_t1 , 116.4033172023594); 
defineEvidence( ImageReport_g1_s1_t1 , Others); 
defineEvidence( TemperatureReport_g1_s1_t1 , 99.51268978438756); 
defineEvidence( SizeReport_g1_s1_t1 , -1.6104475617952576); 
defineEvidence( RegionTypeReport_g1_s1_t1 , offroad); 
defineEvidence( DistanceToSensor_g1_s1_t1 , Short); 
","TargetType_g1: Others
Mission_g1_t2: Others
Activity_g1_t2: HeadingToOthers
Latitude_g1_t2: 20.793136387585808
Longitude_g1_t2: 65.03084753671511
Altitude_g1_t2: 529.9901244179334
"
"2.6194612455054293E-5","6.174219264243245E-5","0.04432325150199638","1.7287950710941162","0.3867379867972732","0.7324786459256322","10092","302","7.0","defineEvidence( LatitudeReport_g1_s1_t1 , 23.380606170454147); 
defineEvidence( LongitudeReport_g1_s1_t1 , 65.11234247108744); 
defineEvidence( AltitudeReport_g1_s1_t1 , 531.2168139322073); 
defineEvidence( DistanceToCIReport_g1_s1_t1 , 870.8164762962992); 
defineEvidence( DirectionToCIReport_g1_s1_t1 , 118.44903216933628); 
defineEvidence( ImageReport_g1_s1_t1 , Others); 
defineEvidence( TemperatureReport_g1_s1_t1 , 99.51268978438756); 
defineEvidence( SizeReport_g1_s1_t1 , -1.6104475617952576); 
defineEvidence( RegionTypeReport_g1_s1_t1 , offroad); 
defineEvidence( DistanceToSensor_g1_s1_t1 , Short); 
","TargetType_g1: Others
Mission_g1_t2: Others
Activity_g1_t2: HeadingToOthers
Latitude_g1_t2: 20.793136387585808
Longitude_g1_t2: 65.03084753671511
Altitude_g1_t2: 529.9901244179334
"
"2.6194612455054425E-5","6.17421926424347E-5","0.044323251501997576","0.4048759000382731","0.384995393292908","1.006407569609576","10266","302","7.0","defineEvidence( LatitudeReport_g1_s1_t1 , 20.56763384622434); 
defineEvidence( LongitudeReport_g1_s1_t1 , 65.03011666143095); 
defineEvidence( AltitudeReport_g1_s1_t1 , 528.325675017328); 
defineEvidence( DistanceToCIReport_g1_s1_t1 , 870.3873942720145); 
defineEvidence( DirectionToCIReport_g1_s1_t1 , 116.4033172023594); 
defineEvidence( ImageReport_g1_s1_t1 , Others); 
defineEvidence( TemperatureReport_g1_s1_t1 , 99.51268978438756); 
defineEvidence( SizeReport_g1_s1_t1 , -1.6104475617952576); 
defineEvidence( RegionTypeReport_g1_s1_t1 , offroad); 
defineEvidence( DistanceToSensor_g1_s1_t1 , Short); 
","TargetType_g1: Others
Mission_g1_t2: Others
Activity_g1_t2: HeadingToOthers
Latitude_g1_t2: 20.793136387585808
Longitude_g1_t2: 65.03084753671511
Altitude_g1_t2: 529.9901244179334
"
"0.0011376253979962223","0.0026524940928293935","0.05750406619005488","1.7287905833280235","0.3867350119603449","0.7324780747894076","12594","302","9.0","defineEvidence( LatitudeReport_g1_s1_t1 , 23.380606170454147); 
defineEvidence( LongitudeReport_g1_s1_t1 , 65.11234247108744); 
defineEvidence( AltitudeReport_g1_s1_t1 , 531.2168139322073); 
defineEvidence( DistanceToCIReport_g1_s1_t1 , 870.8164762962992); 
defineEvidence( DirectionToCIReport_g1_s1_t1 , 118.44903216933628); 
defineEvidence( ImageReport_g1_s1_t1 , Others); 
defineEvidence( TemperatureReport_g1_s1_t1 , 97.6653686674893); 
defineEvidence( SizeReport_g1_s1_t1 , 1.0852534014704336); 
defineEvidence( RegionTypeReport_g1_s1_t1 , offroad); 
defineEvidence( DistanceToSensor_g1_s1_t1 , Short); 
","TargetType_g1: Others
Mission_g1_t2: Others
Activity_g1_t2: HeadingToOthers
Latitude_g1_t2: 20.793136387585808
Longitude_g1_t2: 65.03084753671511
Altitude_g1_t2: 529.9901244179334
"
"0.0011376253979962223","0.0026524940928293935","0.05750406619005488","1.7287905833280235","0.3867350119603449","0.7324780747894076","12644","302","9.0","defineEvidence( LatitudeReport_g1_s1_t1 , 23.380606170454147); 
defineEvidence( LongitudeReport_g1_s1_t1 , 65.11234247108744); 
defineEvidence( AltitudeReport_g1_s1_t1 , 531.2168139322073); 
defineEvidence( DistanceToCIReport_g1_s1_t1 , 870.8164762962992); 
defineEvidence( DirectionToCIReport_g1_s1_t1 , 118.44903216933628); 
defineEvidence( ImageReport_g1_s1_t1 , Others); 
defineEvidence( TemperatureReport_g1_s1_t1 , 97.6653686674893); 
defineEvidence( SizeReport_g1_s1_t1 , 1.0852534014704336); 
defineEvidence( RegionTypeReport_g1_s1_t1 , offroad); 
defineEvidence( DistanceToSensor_g1_s1_t1 , Short); 
","TargetType_g1: Others
Mission_g1_t2: Others
Activity_g1_t2: HeadingToOthers
Latitude_g1_t2: 20.793136387585808
Longitude_g1_t2: 65.03084753671511
Altitude_g1_t2: 529.9901244179334
"
"0.0011376253979962533","0.00265249409282945","0.05750406619005654","0.40487647295803153","0.3849955896773498","1.0064082908397889","12685","302","9.0","defineEvidence( LatitudeReport_g1_s1_t1 , 20.56763384622434); 
defineEvidence( LongitudeReport_g1_s1_t1 , 65.03011666143095); 
defineEvidence( AltitudeReport_g1_s1_t1 , 528.325675017328); 
defineEvidence( DistanceToCIReport_g1_s1_t1 , 870.3873942720145); 
defineEvidence( DirectionToCIReport_g1_s1_t1 , 116.4033172023594); 
defineEvidence( ImageReport_g1_s1_t1 , Others); 
defineEvidence( TemperatureReport_g1_s1_t1 , 97.6653686674893); 
defineEvidence( SizeReport_g1_s1_t1 , 1.0852534014704336); 
defineEvidence( RegionTypeReport_g1_s1_t1 , offroad); 
defineEvidence( DistanceToSensor_g1_s1_t1 , Short); 
","TargetType_g1: Others
Mission_g1_t2: Others
Activity_g1_t2: HeadingToOthers
Latitude_g1_t2: 20.793136387585808
Longitude_g1_t2: 65.03084753671511
Altitude_g1_t2: 529.9901244179334
"
"7.692215252806858E-4","0.0017985403948127475","0.054334739261283585","2.4425386624909633","0.764897435827854","0.6606074063149929","12601","302","9.0","defineEvidence( LatitudeReport_g1_s1_t1 , 20.50116565551634); 
defineEvidence( LongitudeReport_g1_s1_t1 , 66.5131461037521); 
defineEvidence( AltitudeReport_g1_s1_t1 , 923.9620560190593); 
defineEvidence( DistanceToCIReport_g1_s1_t1 , 1031.4912051543688); 
defineEvidence( DirectionToCIReport_g1_s1_t1 , 137.02407614057435); 
defineEvidence( ImageReport_g1_s1_t1 , Others); 
defineEvidence( TemperatureReport_g1_s1_t1 , 100.5208988322864); 
defineEvidence( SizeReport_g1_s1_t1 , 1.659326829865379); 
defineEvidence( RegionTypeReport_g1_s1_t1 , offroad); 
defineEvidence( DistanceToSensor_g1_s1_t1 , Mid); 
","TargetType_g1: Others
Mission_g1_t2: Others
Activity_g1_t2: HeadingToOthers
Latitude_g1_t2: 23.941725426333385
Longitude_g1_t2: 65.24413266143598
Altitude_g1_t2: 925.0135839634312
"
"0.0012252342142199581","0.0028562539035138393","0.058208465796686794","0.4552323116103542","0.8388023313138021","0.3973182418166799","12743","302","9.0","defineEvidence( LatitudeReport_g1_s1_t1 , 21.307970828178565); 
defineEvidence( LongitudeReport_g1_s1_t1 , 63.61067925067373); 
defineEvidence( AltitudeReport_g1_s1_t1 , 530.2671390752639); 
defineEvidence( DistanceToCIReport_g1_s1_t1 , 873.3034182018417); 
defineEvidence( DirectionToCIReport_g1_s1_t1 , 115.69366759391642); 
defineEvidence( ImageReport_g1_s1_t1 , Others); 
defineEvidence( TemperatureReport_g1_s1_t1 , 97.47379290852703); 
defineEvidence( SizeReport_g1_s1_t1 , 2.580514649468595); 
defineEvidence( RegionTypeReport_g1_s1_t1 , offroad); 
defineEvidence( DistanceToSensor_g1_s1_t1 , Short); 
","TargetType_g1: Others
Mission_g1_t2: Others
Activity_g1_t2: HeadingToOthers
Latitude_g1_t2: 20.7925623092152
Longitude_g1_t2: 65.02358745279666
Altitude_g1_t2: 529.9943534922377
"
"6.063255667708393E-6","1.4506455168915166E-5","0.043362483102602725","0.45523364819282686","0.8387473094317514","0.39731839925264045","10162","302","7.0","defineEvidence( LatitudeReport_g1_s1_t1 , 21.307970828178565); 
defineEvidence( LongitudeReport_g1_s1_t1 , 63.61067925067373); 
defineEvidence( AltitudeReport_g1_s1_t1 , 530.2671390752639); 
defineEvidence( DistanceToCIReport_g1_s1_t1 , 873.3034182018417); 
defineEvidence( DirectionToCIReport_g1_s1_t1 , 115.69366759391642); 
defineEvidence( ImageReport_g1_s1_t1 , Others); 
defineEvidence( TemperatureReport_g1_s1_t1 , 99.58909510142645); 
defineEvidence( SizeReport_g1_s1_t1 , -2.2015671837896447); 
defineEvidence( RegionTypeReport_g1_s1_t1 , offroad); 
defineEvidence( DistanceToSensor_g1_s1_t1 , Short); 
","TargetType_g1: Others
Mission_g1_t2: Others
Activity_g1_t2: HeadingToOthers
Latitude_g1_t2: 20.7925623092152
Longitude_g1_t2: 65.02358745279666
Altitude_g1_t2: 529.9943534922377
"
"6.063255667707448E-6","1.450645516891319E-5","0.04336248310260041","0.4369046199940782","0.5681572600081213","0.8116810031666861","10275","302","7.0","defineEvidence( LatitudeReport_g1_s1_t1 , 20.36063195463688); 
defineEvidence( LongitudeReport_g1_s1_t1 , 64.14023260568023); 
defineEvidence( AltitudeReport_g1_s1_t1 , 528.6299946947853); 
defineEvidence( DistanceToCIReport_g1_s1_t1 , 872.3659940224796); 
defineEvidence( DirectionToCIReport_g1_s1_t1 , 118.91919849924032); 
defineEvidence( ImageReport_g1_s1_t1 , Others); 
defineEvidence( TemperatureReport_g1_s1_t1 , 99.58909510142645); 
defineEvidence( SizeReport_g1_s1_t1 , -2.2015671837896447); 
defineEvidence( RegionTypeReport_g1_s1_t1 , offroad); 
defineEvidence( DistanceToSensor_g1_s1_t1 , Short); 
","TargetType_g1: Others
Mission_g1_t2: Others
Activity_g1_t2: HeadingToOthers
Latitude_g1_t2: 20.7925623092152
Longitude_g1_t2: 65.02358745279666
Altitude_g1_t2: 529.9943534922377
"
"6.087150626087793E-4","0.0014199548508079867","0.05277673877712096","0.4301434583632884","2.1490215220324784","0.9701424066380246","12676","302","9.0","defineEvidence( LatitudeReport_g1_s1_t1 , 21.190009822160008); 
defineEvidence( LongitudeReport_g1_s1_t1 , 68.0479235246996); 
defineEvidence( AltitudeReport_g1_s1_t1 , 528.3789298626585); 
defineEvidence( DistanceToCIReport_g1_s1_t1 , 875.22984613508); 
defineEvidence( DirectionToCIReport_g1_s1_t1 , 117.28475349724994); 
defineEvidence( ImageReport_g1_s1_t1 , Others); 
defineEvidence( TemperatureReport_g1_s1_t1 , 95.37602875892195); 
defineEvidence( SizeReport_g1_s1_t1 , 0.28517569362998163); 
defineEvidence( RegionTypeReport_g1_s1_t1 , offroad); 
defineEvidence( DistanceToSensor_g1_s1_t1 , Short); 
","TargetType_g1: Others
Mission_g1_t2: Others
Activity_g1_t2: HeadingToOthers
Latitude_g1_t2: 20.79187916039578
Longitude_g1_t2: 65.01494800910447
Altitude_g1_t2: 529.9906629071218
"
"0.0012554772974377837","0.0029271235792356076","0.05845014523649561","0.6498692331812524","1.073660936360172","0.587279887586494","12682","302","9.0","defineEvidence( LatitudeReport_g1_s1_t1 , 19.733756577242136); 
defineEvidence( LongitudeReport_g1_s1_t1 , 66.76355780470433); 
defineEvidence( AltitudeReport_g1_s1_t1 , 530.9272523800215); 
defineEvidence( DistanceToCIReport_g1_s1_t1 , 875.0503228249927); 
defineEvidence( DirectionToCIReport_g1_s1_t1 , 116.1418764300994); 
defineEvidence( ImageReport_g1_s1_t1 , Others); 
defineEvidence( TemperatureReport_g1_s1_t1 , 95.96490986541478); 
defineEvidence( SizeReport_g1_s1_t1 , 1.3015321957972534); 
defineEvidence( RegionTypeReport_g1_s1_t1 , offroad); 
defineEvidence( DistanceToSensor_g1_s1_t1 , Short); 
","TargetType_g1: Others
Mission_g1_t2: Others
Activity_g1_t2: HeadingToOthers
Latitude_g1_t2: 20.790962783412525
Longitude_g1_t2: 65.0033590447052
Altitude_g1_t2: 529.9946945703603
"
"0.0013941376513675698","0.00325019588523885","0.05952899022404573","0.6071872041356007","0.7178977985266075","0.6630119019759521","12715","302","9.0","defineEvidence( LatitudeReport_g1_s1_t1 , 19.827534473890594); 
defineEvidence( LongitudeReport_g1_s1_t1 , 63.794749080268495); 
defineEvidence( AltitudeReport_g1_s1_t1 , 528.9019106309249); 
defineEvidence( DistanceToCIReport_g1_s1_t1 , 875.7476354748856); 
defineEvidence( DirectionToCIReport_g1_s1_t1 , 117.39740805664896); 
defineEvidence( ImageReport_g1_s1_t1 , Others); 
defineEvidence( TemperatureReport_g1_s1_t1 , 94.40475815969441); 
defineEvidence( SizeReport_g1_s1_t1 , 1.7082474323955448); 
defineEvidence( RegionTypeReport_g1_s1_t1 , offroad); 
defineEvidence( DistanceToSensor_g1_s1_t1 , Short); 
","TargetType_g1: Others
Mission_g1_t2: Others
Activity_g1_t2: HeadingToOthers
Latitude_g1_t2: 20.790370241873486
Longitude_g1_t2: 64.9958654662692
Altitude_g1_t2: 529.9964578483615
"
"1.8322984212758048E-4","4.282697750968105E-4","0.047666119311766814","0.6071853093506977","0.7178624361332573","0.6630114693442377","10168","302","7.0","defineEvidence( LatitudeReport_g1_s1_t1 , 19.827534473890594); 
defineEvidence( LongitudeReport_g1_s1_t1 , 63.794749080268495); 
defineEvidence( AltitudeReport_g1_s1_t1 , 528.9019106309249); 
defineEvidence( DistanceToCIReport_g1_s1_t1 , 875.7476354748856); 
defineEvidence( DirectionToCIReport_g1_s1_t1 , 117.39740805664896); 
defineEvidence( ImageReport_g1_s1_t1 , Others); 
defineEvidence( TemperatureReport_g1_s1_t1 , 98.43481808242328); 
defineEvidence( SizeReport_g1_s1_t1 , -0.6153379563625855); 
defineEvidence( RegionTypeReport_g1_s1_t1 , offroad); 
defineEvidence( DistanceToSensor_g1_s1_t1 , Short); 
","TargetType_g1: Others
Mission_g1_t2: Others
Activity_g1_t2: HeadingToOthers
Latitude_g1_t2: 20.790370241873486
Longitude_g1_t2: 64.9958654662692
Altitude_g1_t2: 529.9964578483615
"
"1.8322984212757997E-4","4.2826977509680895E-4","0.04766611931176619","0.6682842431969686","0.4553190892820498","0.3802016678687552","10145","302","7.0","defineEvidence( LatitudeReport_g1_s1_t1 , 21.886955144523068); 
defineEvidence( LongitudeReport_g1_s1_t1 , 65.53379381009718); 
defineEvidence( AltitudeReport_g1_s1_t1 , 530.0646832370626); 
defineEvidence( DistanceToCIReport_g1_s1_t1 , 876.9606810962097); 
defineEvidence( DirectionToCIReport_g1_s1_t1 , 118.9521015069124); 
defineEvidence( ImageReport_g1_s1_t1 , Others); 
defineEvidence( TemperatureReport_g1_s1_t1 , 98.43481808242328); 
defineEvidence( SizeReport_g1_s1_t1 , -0.6153379563625855); 
defineEvidence( RegionTypeReport_g1_s1_t1 , offroad); 
defineEvidence( DistanceToSensor_g1_s1_t1 , Short); 
","TargetType_g1: Others
Mission_g1_t2: Others
Activity_g1_t2: HeadingToOthers
Latitude_g1_t2: 20.790370241873486
Longitude_g1_t2: 64.9958654662692
Altitude_g1_t2: 529.9964578483615
"
"5.820718717962427E-4","0.0013573563629406733","0.05250503451678648","0.3974395166466198","0.40868083185482484","1.015839386850333","12717","302","9.0","defineEvidence( LatitudeReport_g1_s1_t1 , 20.93024508764456); 
defineEvidence( LongitudeReport_g1_s1_t1 , 65.2949389361698); 
defineEvidence( AltitudeReport_g1_s1_t1 , 528.3205465270091); 
defineEvidence( DistanceToCIReport_g1_s1_t1 , 877.1538284358946); 
defineEvidence( DirectionToCIReport_g1_s1_t1 , 117.95467828981582); 
defineEvidence( ImageReport_g1_s1_t1 , Others); 
defineEvidence( TemperatureReport_g1_s1_t1 , 97.637401198132); 
defineEvidence( SizeReport_g1_s1_t1 , 3.5796625646099507); 
defineEvidence( RegionTypeReport_g1_s1_t1 , offroad); 
defineEvidence( DistanceToSensor_g1_s1_t1 , Short); 
","TargetType_g1: Others
Mission_g1_t2: Others
Activity_g1_t2: HeadingToOthers
Latitude_g1_t2: 20.789516549041192
Longitude_g1_t2: 64.98506923718209
Altitude_g1_t2: 529.9985415096326
"
"5.820718717962427E-4","0.0013573563629406733","0.05250503451678648","0.3974395166466198","0.40868083185482484","1.015839386850333","12595","302","9.0","defineEvidence( LatitudeReport_g1_s1_t1 , 20.93024508764456); 
defineEvidence( LongitudeReport_g1_s1_t1 , 65.2949389361698); 
defineEvidence( AltitudeReport_g1_s1_t1 , 528.3205465270091); 
defineEvidence( DistanceToCIReport_g1_s1_t1 , 877.1538284358946); 
defineEvidence( DirectionToCIReport_g1_s1_t1 , 117.95467828981582); 
defineEvidence( ImageReport_g1_s1_t1 , Others); 
defineEvidence( TemperatureReport_g1_s1_t1 , 97.637401198132); 
defineEvidence( SizeReport_g1_s1_t1 , 3.5796625646099507); 
defineEvidence( RegionTypeReport_g1_s1_t1 , offroad); 
defineEvidence( DistanceToSensor_g1_s1_t1 , Short); 
","TargetType_g1: Others
Mission_g1_t2: Others
Activity_g1_t2: HeadingToOthers
Latitude_g1_t2: 20.789516549041192
Longitude_g1_t2: 64.98506923718209
Altitude_g1_t2: 529.9985415096326
"
"5.820718717962422E-4","0.001357356362940672","0.05250503451678658","0.857178755256782","0.7658348658286167","0.38117353269663096","12637","302","9.0","defineEvidence( LatitudeReport_g1_s1_t1 , 19.349609726132247); 
defineEvidence( LongitudeReport_g1_s1_t1 , 63.696571171299595); 
defineEvidence( AltitudeReport_g1_s1_t1 , 529.9057291992342); 
defineEvidence( DistanceToCIReport_g1_s1_t1 , 879.3811332775202); 
defineEvidence( DirectionToCIReport_g1_s1_t1 , 117.72510421114151); 
defineEvidence( ImageReport_g1_s1_t1 , Others); 
defineEvidence( TemperatureReport_g1_s1_t1 , 97.637401198132); 
defineEvidence( SizeReport_g1_s1_t1 , 3.5796625646099507); 
defineEvidence( RegionTypeReport_g1_s1_t1 , offroad); 
defineEvidence( DistanceToSensor_g1_s1_t1 , Short); 
","TargetType_g1: Others
Mission_g1_t2: Others
Activity_g1_t2: HeadingToOthers
Latitude_g1_t2: 20.789516549041192
Longitude_g1_t2: 64.98506923718209
Altitude_g1_t2: 529.9985415096326
"
"3.232087177934873E-4","7.56786942816254E-4","0.04962539099185348","0.703754791527288","0.4457207758781001","0.900036703214893","12710","302","9.0","defineEvidence( LatitudeReport_g1_s1_t1 , 22.80418376218372); 
defineEvidence( LongitudeReport_g1_s1_t1 , 64.8924303222739); 
defineEvidence( AltitudeReport_g1_s1_t1 , 926.5363549687888); 
defineEvidence( DistanceToCIReport_g1_s1_t1 , 1033.433788151686); 
defineEvidence( DirectionToCIReport_g1_s1_t1 , 92.34199592687173); 
defineEvidence( ImageReport_g1_s1_t1 , Others); 
defineEvidence( TemperatureReport_g1_s1_t1 , 95.18468316737682); 
defineEvidence( SizeReport_g1_s1_t1 , 0.03666478120286859); 
defineEvidence( RegionTypeReport_g1_s1_t1 , offroad); 
defineEvidence( DistanceToSensor_g1_s1_t1 , Mid); 
","TargetType_g1: Others
Mission_g1_t2: Others
Activity_g1_t2: HeadingToOthers
Latitude_g1_t2: 23.94301248925471
Longitude_g1_t2: 65.24068681209268
Altitude_g1_t2: 925.0234996099094
"
"6.696035772217446E-4","0.0015613141990605936","0.053373201094808226","1.0689092818081711","0.39302056111360545","0.37983540720819214","12729","302","9.0","defineEvidence( LatitudeReport_g1_s1_t1 , 22.551232368998043); 
defineEvidence( LongitudeReport_g1_s1_t1 , 64.79066738473031); 
defineEvidence( AltitudeReport_g1_s1_t1 , 529.9390331094609); 
defineEvidence( DistanceToCIReport_g1_s1_t1 , 873.4513698100216); 
defineEvidence( DirectionToCIReport_g1_s1_t1 , 120.10916384315247); 
defineEvidence( ImageReport_g1_s1_t1 , Others); 
defineEvidence( TemperatureReport_g1_s1_t1 , 98.0608799466917); 
defineEvidence( SizeReport_g1_s1_t1 , 3.4426510710557965); 
defineEvidence( RegionTypeReport_g1_s1_t1 , offroad); 
defineEvidence( DistanceToSensor_g1_s1_t1 , Short); 
","TargetType_g1: Others
Mission_g1_t2: Others
Activity_g1_t2: HeadingToOthers
Latitude_g1_t2: 20.78881141902137
Longitude_g1_t2: 64.97615180816993
Altitude_g1_t2: 529.9953882834703
"
"6.696035772217446E-4","0.0015613141990605936","0.053373201094808226","1.0689092818081711","0.39302056111360545","0.37983540720819214","12680","302","9.0","defineEvidence( LatitudeReport_g1_s1_t1 , 22.551232368998043); 
defineEvidence( LongitudeReport_g1_s1_t1 , 64.79066738473031); 
defineEvidence( AltitudeReport_g1_s1_t1 , 529.9390331094609); 
defineEvidence( DistanceToCIReport_g1_s1_t1 , 873.4513698100216); 
defineEvidence( DirectionToCIReport_g1_s1_t1 , 120.10916384315247); 
defineEvidence( ImageReport_g1_s1_t1 , Others); 
defineEvidence( TemperatureReport_g1_s1_t1 , 98.0608799466917); 
defineEvidence( SizeReport_g1_s1_t1 , 3.4426510710557965); 
defineEvidence( RegionTypeReport_g1_s1_t1 , offroad); 
defineEvidence( DistanceToSensor_g1_s1_t1 , Short); 
","TargetType_g1: Others
Mission_g1_t2: Others
Activity_g1_t2: HeadingToOthers
Latitude_g1_t2: 20.78881141902137
Longitude_g1_t2: 64.97615180816993
Altitude_g1_t2: 529.9953882834703
"
"6.696035772217446E-4","0.0015613141990605936","0.053373201094808226","1.0689092818081711","0.39302056111360545","0.37983540720819214","12794","302","9.0","defineEvidence( LatitudeReport_g1_s1_t1 , 22.551232368998043); 
defineEvidence( LongitudeReport_g1_s1_t1 , 64.79066738473031); 
defineEvidence( AltitudeReport_g1_s1_t1 , 529.9390331094609); 
defineEvidence( DistanceToCIReport_g1_s1_t1 , 873.4513698100216); 
defineEvidence( DirectionToCIReport_g1_s1_t1 , 120.10916384315247); 
defineEvidence( ImageReport_g1_s1_t1 , Others); 
defineEvidence( TemperatureReport_g1_s1_t1 , 98.0608799466917); 
defineEvidence( SizeReport_g1_s1_t1 , 3.4426510710557965); 
defineEvidence( RegionTypeReport_g1_s1_t1 , offroad); 
defineEvidence( DistanceToSensor_g1_s1_t1 , Short); 
","TargetType_g1: Others
Mission_g1_t2: Others
Activity_g1_t2: HeadingToOthers
Latitude_g1_t2: 20.78881141902137
Longitude_g1_t2: 64.97615180816993
Altitude_g1_t2: 529.9953882834703
"
"1.3319521754737946E-4","3.11584604914745E-4","0.04683307249343723","2.3393135484460923","0.6133922818858787","0.671552417670595","10053","302","7.0","defineEvidence( LatitudeReport_g1_s1_t1 , 24.043026593057473); 
defineEvidence( LongitudeReport_g1_s1_t1 , 65.95823339831087); 
defineEvidence( AltitudeReport_g1_s1_t1 , 528.8838475984314); 
defineEvidence( DistanceToCIReport_g1_s1_t1 , 878.7512137044475); 
defineEvidence( DirectionToCIReport_g1_s1_t1 , 121.87198771149205); 
defineEvidence( ImageReport_g1_s1_t1 , Others); 
defineEvidence( TemperatureReport_g1_s1_t1 , 95.45540555603021); 
defineEvidence( SizeReport_g1_s1_t1 , -0.8040699871298037); 
defineEvidence( RegionTypeReport_g1_s1_t1 , offroad); 
defineEvidence( DistanceToSensor_g1_s1_t1 , Short); 
","TargetType_g1: Others
Mission_g1_t2: Others
Activity_g1_t2: HeadingToOthers
Latitude_g1_t2: 20.78881141902137
Longitude_g1_t2: 64.97615180816993
Altitude_g1_t2: 529.9953882834703
"
"1.3319521754737946E-4","3.11584604914745E-4","0.04683307249343723","2.3393135484460923","0.6133922818858787","0.671552417670595","10072","302","7.0","defineEvidence( LatitudeReport_g1_s1_t1 , 24.043026593057473); 
defineEvidence( LongitudeReport_g1_s1_t1 , 65.95823339831087); 
defineEvidence( AltitudeReport_g1_s1_t1 , 528.8838475984314); 
defineEvidence( DistanceToCIReport_g1_s1_t1 , 878.7512137044475); 
defineEvidence( DirectionToCIReport_g1_s1_t1 , 121.87198771149205); 
defineEvidence( ImageReport_g1_s1_t1 , Others); 
defineEvidence( TemperatureReport_g1_s1_t1 , 95.45540555603021); 
defineEvidence( SizeReport_g1_s1_t1 , -0.8040699871298037); 
defineEvidence( RegionTypeReport_g1_s1_t1 , offroad); 
defineEvidence( DistanceToSensor_g1_s1_t1 , Short); 
","TargetType_g1: Others
Mission_g1_t2: Others
Activity_g1_t2: HeadingToOthers
Latitude_g1_t2: 20.78881141902137
Longitude_g1_t2: 64.97615180816993
Altitude_g1_t2: 529.9953882834703
"
"1.3319521754737949E-4","3.11584604914745E-4","0.04683307249343739","1.06891099272259","0.39301690753363633","0.3798353928756619","10088","302","7.0","defineEvidence( LatitudeReport_g1_s1_t1 , 22.551232368998043); 
defineEvidence( LongitudeReport_g1_s1_t1 , 64.79066738473031); 
defineEvidence( AltitudeReport_g1_s1_t1 , 529.9390331094609); 
defineEvidence( DistanceToCIReport_g1_s1_t1 , 873.4513698100216); 
defineEvidence( DirectionToCIReport_g1_s1_t1 , 120.10916384315247); 
defineEvidence( ImageReport_g1_s1_t1 , Others); 
defineEvidence( TemperatureReport_g1_s1_t1 , 95.45540555603021); 
defineEvidence( SizeReport_g1_s1_t1 , -0.8040699871298037); 
defineEvidence( RegionTypeReport_g1_s1_t1 , offroad); 
defineEvidence( DistanceToSensor_g1_s1_t1 , Short); 
","TargetType_g1: Others
Mission_g1_t2: Others
Activity_g1_t2: HeadingToOthers
Latitude_g1_t2: 20.78881141902137
Longitude_g1_t2: 64.97615180816993
Altitude_g1_t2: 529.9953882834703
"
"0.0014022961995728248","0.0032691954563922004","0.05959139550057955","0.442761620437718","0.7821493799696592","1.1073075373096495","12645","302","9.0","defineEvidence( LatitudeReport_g1_s1_t1 , 21.248743544465036); 
defineEvidence( LongitudeReport_g1_s1_t1 , 63.648674138081255); 
defineEvidence( AltitudeReport_g1_s1_t1 , 531.8019860898298); 
defineEvidence( DistanceToCIReport_g1_s1_t1 , 880.8232758497808); 
defineEvidence( DirectionToCIReport_g1_s1_t1 , 122.40630571359807); 
defineEvidence( ImageReport_g1_s1_t1 , Others); 
defineEvidence( TemperatureReport_g1_s1_t1 , 98.46094825424315); 
defineEvidence( SizeReport_g1_s1_t1 , 1.7603623347358766); 
defineEvidence( RegionTypeReport_g1_s1_t1 , offroad); 
defineEvidence( DistanceToSensor_g1_s1_t1 , Short); 
","TargetType_g1: Others
Mission_g1_t2: Others
Activity_g1_t2: HeadingToOthers
Latitude_g1_t2: 20.787989492790853
Longitude_g1_t2: 64.96575731551208
Altitude_g1_t2: 529.9964534348884
"
"0.0014022961995728248","0.0032691954563922004","0.05959139550057955","0.442761620437718","0.7821493799696592","1.1073075373096495","12656","302","9.0","defineEvidence( LatitudeReport_g1_s1_t1 , 21.248743544465036); 
defineEvidence( LongitudeReport_g1_s1_t1 , 63.648674138081255); 
defineEvidence( AltitudeReport_g1_s1_t1 , 531.8019860898298); 
defineEvidence( DistanceToCIReport_g1_s1_t1 , 880.8232758497808); 
defineEvidence( DirectionToCIReport_g1_s1_t1 , 122.40630571359807); 
defineEvidence( ImageReport_g1_s1_t1 , Others); 
defineEvidence( TemperatureReport_g1_s1_t1 , 98.46094825424315); 
defineEvidence( SizeReport_g1_s1_t1 , 1.7603623347358766); 
defineEvidence( RegionTypeReport_g1_s1_t1 , offroad); 
defineEvidence( DistanceToSensor_g1_s1_t1 , Short); 
","TargetType_g1: Others
Mission_g1_t2: Others
Activity_g1_t2: HeadingToOthers
Latitude_g1_t2: 20.787989492790853
Longitude_g1_t2: 64.96575731551208
Altitude_g1_t2: 529.9964534348884
"
"8.645120334309722E-4","0.0020160471075410208","0.05518250817859155","1.5451087748804113","0.48647343662322656","0.45786955442797345","12640","302","9.0","defineEvidence( LatitudeReport_g1_s1_t1 , 18.41456521395293); 
defineEvidence( LongitudeReport_g1_s1_t1 , 64.30458988607982); 
defineEvidence( AltitudeReport_g1_s1_t1 , 530.5635907872578); 
defineEvidence( DistanceToCIReport_g1_s1_t1 , 881.7303036606704); 
defineEvidence( DirectionToCIReport_g1_s1_t1 , 120.33554893882112); 
defineEvidence( ImageReport_g1_s1_t1 , Others); 
defineEvidence( TemperatureReport_g1_s1_t1 , 98.64617154900154); 
defineEvidence( SizeReport_g1_s1_t1 , 0.6682283785827152); 
defineEvidence( RegionTypeReport_g1_s1_t1 , offroad); 
defineEvidence( DistanceToSensor_g1_s1_t1 , Short); 
","TargetType_g1: Others
Mission_g1_t2: Others
Activity_g1_t2: HeadingToOthers
Latitude_g1_t2: 20.78749036250559
Longitude_g1_t2: 64.95944506279056
Altitude_g1_t2: 529.9946774028829
"
"0.0010886558003591568","0.0025383785205090573","0.05710208494768716","0.7986276243148058","0.4903834256883467","0.7427820279917932","12816","302","9.0","defineEvidence( LatitudeReport_g1_s1_t1 , 22.129403639850555); 
defineEvidence( LongitudeReport_g1_s1_t1 , 64.29200085445086); 
defineEvidence( AltitudeReport_g1_s1_t1 , 531.2399150454349); 
defineEvidence( DistanceToCIReport_g1_s1_t1 , 882.6208095180996); 
defineEvidence( DirectionToCIReport_g1_s1_t1 , 118.5004256451082); 
defineEvidence( ImageReport_g1_s1_t1 , Others); 
defineEvidence( TemperatureReport_g1_s1_t1 , 94.51903363144461); 
defineEvidence( SizeReport_g1_s1_t1 , 1.005301073136326); 
defineEvidence( RegionTypeReport_g1_s1_t1 , offroad); 
defineEvidence( DistanceToSensor_g1_s1_t1 , Short); 
","TargetType_g1: Others
Mission_g1_t2: Others
Activity_g1_t2: HeadingToOthers
Latitude_g1_t2: 20.78749036250559
Longitude_g1_t2: 64.95944506279056
Altitude_g1_t2: 529.9946774028829
"
"0.06840524265289716","0.15908957245015543","0.32753526322817117","0.6544852568011749","0.7127237977624148","0.7522798899781434","17813","302","13.0","defineEvidence( LatitudeReport_g1_s1_t1 , 19.720122864716817); 
defineEvidence( LongitudeReport_g1_s1_t1 , 66.13977094081888); 
defineEvidence( AltitudeReport_g1_s1_t1 , 531.2544703495229); 
defineEvidence( DistanceToCIReport_g1_s1_t1 , 885.920813790708); 
defineEvidence( DirectionToCIReport_g1_s1_t1 , 122.93348590368038); 
defineEvidence( ImageReport_g1_s1_t1 , HumanWithoutWeapon); 
defineEvidence( TemperatureReport_g1_s1_t1 , 97.43706428635804); 
defineEvidence( SizeReport_g1_s1_t1 , 0.6854749923077454); 
defineEvidence( RegionTypeReport_g1_s1_t1 , road); 
defineEvidence( DistanceToSensor_g1_s1_t1 , Short); 
","TargetType_g1: Others
Mission_g1_t2: Others
Activity_g1_t2: HeadingToOthers
Latitude_g1_t2: 20.78708708326252
Longitude_g1_t2: 64.95434499057544
Altitude_g1_t2: 529.9922050950522
"
"0.06840524265289714","0.15908957245015543","0.3275352632281714","0.5972992930518353","0.38937802173405184","0.7882126875570121","17776","302","13.0","defineEvidence( LatitudeReport_g1_s1_t1 , 21.72775078275492); 
defineEvidence( LongitudeReport_g1_s1_t1 , 64.81715859246782); 
defineEvidence( AltitudeReport_g1_s1_t1 , 528.6674902333292); 
defineEvidence( DistanceToCIReport_g1_s1_t1 , 884.1885427298308); 
defineEvidence( DirectionToCIReport_g1_s1_t1 , 121.37876280475012); 
defineEvidence( ImageReport_g1_s1_t1 , HumanWithoutWeapon); 
defineEvidence( TemperatureReport_g1_s1_t1 , 97.43706428635804); 
defineEvidence( SizeReport_g1_s1_t1 , 0.6854749923077454); 
defineEvidence( RegionTypeReport_g1_s1_t1 , road); 
defineEvidence( DistanceToSensor_g1_s1_t1 , Short); 
","TargetType_g1: Others
Mission_g1_t2: Others
Activity_g1_t2: HeadingToOthers
Latitude_g1_t2: 20.78708708326252
Longitude_g1_t2: 64.95434499057544
Altitude_g1_t2: 529.9922050950522
"
"7.359572418420922E-4","0.001716472033815628","0.054008618730168045","0.4283657657699312","0.38530761079835785","0.5964196032893588","12691","302","9.0","defineEvidence( LatitudeReport_g1_s1_t1 , 20.398819114412444); 
defineEvidence( LongitudeReport_g1_s1_t1 , 64.90753128365608); 
defineEvidence( AltitudeReport_g1_s1_t1 , 530.9432703293579); 
defineEvidence( DistanceToCIReport_g1_s1_t1 , 886.224980870297); 
defineEvidence( DirectionToCIReport_g1_s1_t1 , 120.79226436876648); 
defineEvidence( ImageReport_g1_s1_t1 , Others); 
defineEvidence( TemperatureReport_g1_s1_t1 , 98.45070032160224); 
defineEvidence( SizeReport_g1_s1_t1 , 0.4795004048739151); 
defineEvidence( RegionTypeReport_g1_s1_t1 , offroad); 
defineEvidence( DistanceToSensor_g1_s1_t1 , Short); 
","TargetType_g1: Others
Mission_g1_t2: Others
Activity_g1_t2: HeadingToOthers
Latitude_g1_t2: 20.786498281447173
Longitude_g1_t2: 64.94689870656683
Altitude_g1_t2: 529.9898664222517
"
"4.997392512281286E-4","0.0011659994691394437","0.05164911508262032","0.4283656016809853","0.3853073290688709","0.5964196802086853","12735","302","9.0","defineEvidence( LatitudeReport_g1_s1_t1 , 20.398819114412444); 
defineEvidence( LongitudeReport_g1_s1_t1 , 64.90753128365608); 
defineEvidence( AltitudeReport_g1_s1_t1 , 530.9432703293579); 
defineEvidence( DistanceToCIReport_g1_s1_t1 , 886.224980870297); 
defineEvidence( DirectionToCIReport_g1_s1_t1 , 120.79226436876648); 
defineEvidence( ImageReport_g1_s1_t1 , Others); 
defineEvidence( TemperatureReport_g1_s1_t1 , 96.09817953524511); 
defineEvidence( SizeReport_g1_s1_t1 , 0.10553554281651167); 
defineEvidence( RegionTypeReport_g1_s1_t1 , offroad); 
defineEvidence( DistanceToSensor_g1_s1_t1 , Short); 
","TargetType_g1: Others
Mission_g1_t2: Others
Activity_g1_t2: HeadingToOthers
Latitude_g1_t2: 20.786498281447173
Longitude_g1_t2: 64.94689870656683
Altitude_g1_t2: 529.9898664222517
"
"0.0011146551727362554","0.0025989658403059728","0.05731619631079673","0.5240225789267673","0.5159364023912713","2.8296721327982115","12604","302","9.0","defineEvidence( LatitudeReport_g1_s1_t1 , 21.53602567104735); 
defineEvidence( LongitudeReport_g1_s1_t1 , 65.67623996164157); 
defineEvidence( AltitudeReport_g1_s1_t1 , 526.2527629788171); 
defineEvidence( DistanceToCIReport_g1_s1_t1 , 888.9489245038139); 
defineEvidence( DirectionToCIReport_g1_s1_t1 , 122.66792512083535); 
defineEvidence( ImageReport_g1_s1_t1 , Others); 
defineEvidence( TemperatureReport_g1_s1_t1 , 95.34492912925279); 
defineEvidence( SizeReport_g1_s1_t1 , 1.0472617580318015); 
defineEvidence( RegionTypeReport_g1_s1_t1 , offroad); 
defineEvidence( DistanceToSensor_g1_s1_t1 , Short); 
","TargetType_g1: Others
Mission_g1_t2: Others
Activity_g1_t2: HeadingToOthers
Latitude_g1_t2: 20.785801956935103
Longitude_g1_t2: 64.93809263643608
Altitude_g1_t2: 529.9857099389927
"
"0.0011146551727362554","0.0025989658403059728","0.05731619631079673","0.5240225789267673","0.5159364023912713","2.8296721327982115","12764","302","9.0","defineEvidence( LatitudeReport_g1_s1_t1 , 21.53602567104735); 
defineEvidence( LongitudeReport_g1_s1_t1 , 65.67623996164157); 
defineEvidence( AltitudeReport_g1_s1_t1 , 526.2527629788171); 
defineEvidence( DistanceToCIReport_g1_s1_t1 , 888.9489245038139); 
defineEvidence( DirectionToCIReport_g1_s1_t1 , 122.66792512083535); 
defineEvidence( ImageReport_g1_s1_t1 , Others); 
defineEvidence( TemperatureReport_g1_s1_t1 , 95.34492912925279); 
defineEvidence( SizeReport_g1_s1_t1 , 1.0472617580318015); 
defineEvidence( RegionTypeReport_g1_s1_t1 , offroad); 
defineEvidence( DistanceToSensor_g1_s1_t1 , Short); 
","TargetType_g1: Others
Mission_g1_t2: Others
Activity_g1_t2: HeadingToOthers
Latitude_g1_t2: 20.785801956935103
Longitude_g1_t2: 64.93809263643608
Altitude_g1_t2: 529.9857099389927
"
"0.001143038496489439","0.0026651083861977355","0.05754816628285232","0.5240225516244355","0.5159359966826366","2.829672147866576","12722","302","9.0","defineEvidence( LatitudeReport_g1_s1_t1 , 21.53602567104735); 
defineEvidence( LongitudeReport_g1_s1_t1 , 65.67623996164157); 
defineEvidence( AltitudeReport_g1_s1_t1 , 526.2527629788171); 
defineEvidence( DistanceToCIReport_g1_s1_t1 , 888.9489245038139); 
defineEvidence( DirectionToCIReport_g1_s1_t1 , 122.66792512083535); 
defineEvidence( ImageReport_g1_s1_t1 , Others); 
defineEvidence( TemperatureReport_g1_s1_t1 , 98.81649612259581); 
defineEvidence( SizeReport_g1_s1_t1 , 1.0943495550035052); 
defineEvidence( RegionTypeReport_g1_s1_t1 , offroad); 
defineEvidence( DistanceToSensor_g1_s1_t1 , Short); 
","TargetType_g1: Others
Mission_g1_t2: Others
Activity_g1_t2: HeadingToOthers
Latitude_g1_t2: 20.785801956935103
Longitude_g1_t2: 64.93809263643608
Altitude_g1_t2: 529.9857099389927
"
"0.001143038496489439","0.0026651083861977372","0.05754816628285235","0.5694038643282519","1.685765034499186","0.46382080328490877","12723","302","9.0","defineEvidence( LatitudeReport_g1_s1_t1 , 21.658518166039645); 
defineEvidence( LongitudeReport_g1_s1_t1 , 62.40901660063065); 
defineEvidence( AltitudeReport_g1_s1_t1 , 530.5760089135696); 
defineEvidence( DistanceToCIReport_g1_s1_t1 , 882.8103365468577); 
defineEvidence( DirectionToCIReport_g1_s1_t1 , 120.31398012928265); 
defineEvidence( ImageReport_g1_s1_t1 , Others); 
defineEvidence( TemperatureReport_g1_s1_t1 , 98.81649612259581); 
defineEvidence( SizeReport_g1_s1_t1 , 1.0943495550035052); 
defineEvidence( RegionTypeReport_g1_s1_t1 , offroad); 
defineEvidence( DistanceToSensor_g1_s1_t1 , Short); 
","TargetType_g1: Others
Mission_g1_t2: Others
Activity_g1_t2: HeadingToOthers
Latitude_g1_t2: 20.785801956935103
Longitude_g1_t2: 64.93809263643608
Altitude_g1_t2: 529.9857099389927
"
"0.001143038496489439","0.0026651083861977355","0.05754816628285232","0.5240225516244355","0.5159359966826366","2.829672147866576","12820","302","9.0","defineEvidence( LatitudeReport_g1_s1_t1 , 21.53602567104735); 
defineEvidence( LongitudeReport_g1_s1_t1 , 65.67623996164157); 
defineEvidence( AltitudeReport_g1_s1_t1 , 526.2527629788171); 
defineEvidence( DistanceToCIReport_g1_s1_t1 , 888.9489245038139); 
defineEvidence( DirectionToCIReport_g1_s1_t1 , 122.66792512083535); 
defineEvidence( ImageReport_g1_s1_t1 , Others); 
defineEvidence( TemperatureReport_g1_s1_t1 , 98.81649612259581); 
defineEvidence( SizeReport_g1_s1_t1 , 1.0943495550035052); 
defineEvidence( RegionTypeReport_g1_s1_t1 , offroad); 
defineEvidence( DistanceToSensor_g1_s1_t1 , Short); 
","TargetType_g1: Others
Mission_g1_t2: Others
Activity_g1_t2: HeadingToOthers
Latitude_g1_t2: 20.785801956935103
Longitude_g1_t2: 64.93809263643608
Altitude_g1_t2: 529.9857099389927
"
"0.001143038496489439","0.0026651083861977372","0.05754816628285235","0.5694038643282519","1.685765034499186","0.46382080328490877","12654","302","9.0","defineEvidence( LatitudeReport_g1_s1_t1 , 21.658518166039645); 
defineEvidence( LongitudeReport_g1_s1_t1 , 62.40901660063065); 
defineEvidence( AltitudeReport_g1_s1_t1 , 530.5760089135696); 
defineEvidence( DistanceToCIReport_g1_s1_t1 , 882.8103365468577); 
defineEvidence( DirectionToCIReport_g1_s1_t1 , 120.31398012928265); 
defineEvidence( ImageReport_g1_s1_t1 , Others); 
defineEvidence( TemperatureReport_g1_s1_t1 , 98.81649612259581); 
defineEvidence( SizeReport_g1_s1_t1 , 1.0943495550035052); 
defineEvidence( RegionTypeReport_g1_s1_t1 , offroad); 
defineEvidence( DistanceToSensor_g1_s1_t1 , Short); 
","TargetType_g1: Others
Mission_g1_t2: Others
Activity_g1_t2: HeadingToOthers
Latitude_g1_t2: 20.785801956935103
Longitude_g1_t2: 64.93809263643608
Altitude_g1_t2: 529.9857099389927
"
"0.001143038496489439","0.0026651083861977372","0.05754816628285235","0.5694038643282519","1.685765034499186","0.46382080328490877","12671","302","9.0","defineEvidence( LatitudeReport_g1_s1_t1 , 21.658518166039645); 
defineEvidence( LongitudeReport_g1_s1_t1 , 62.40901660063065); 
defineEvidence( AltitudeReport_g1_s1_t1 , 530.5760089135696); 
defineEvidence( DistanceToCIReport_g1_s1_t1 , 882.8103365468577); 
defineEvidence( DirectionToCIReport_g1_s1_t1 , 120.31398012928265); 
defineEvidence( ImageReport_g1_s1_t1 , Others); 
defineEvidence( TemperatureReport_g1_s1_t1 , 98.81649612259581); 
defineEvidence( SizeReport_g1_s1_t1 , 1.0943495550035052); 
defineEvidence( RegionTypeReport_g1_s1_t1 , offroad); 
defineEvidence( DistanceToSensor_g1_s1_t1 , Short); 
","TargetType_g1: Others
Mission_g1_t2: Others
Activity_g1_t2: HeadingToOthers
Latitude_g1_t2: 20.785801956935103
Longitude_g1_t2: 64.93809263643608
Altitude_g1_t2: 529.9857099389927
"
"4.213745084656706E-4","9.86174652556722E-4","0.050799356509620266","0.764349713285412","1.0857796012845968","0.8390552762882908","12679","302","9.0","defineEvidence( LatitudeReport_g1_s1_t1 , 22.682081041718426); 
defineEvidence( LongitudeReport_g1_s1_t1 , 67.03007274858358); 
defineEvidence( AltitudeReport_g1_s1_t1 , 926.4111028525659); 
defineEvidence( DistanceToCIReport_g1_s1_t1 , 1038.697673394847); 
defineEvidence( DirectionToCIReport_g1_s1_t1 , 139.06358404103142); 
defineEvidence( ImageReport_g1_s1_t1 , Others); 
defineEvidence( TemperatureReport_g1_s1_t1 , 96.78240112211124); 
defineEvidence( SizeReport_g1_s1_t1 , 3.422367115554307); 
defineEvidence( RegionTypeReport_g1_s1_t1 , offroad); 
defineEvidence( DistanceToSensor_g1_s1_t1 , Mid); 
","TargetType_g1: Others
Mission_g1_t2: Others
Activity_g1_t2: HeadingToOthers
Latitude_g1_t2: 23.94614157457911
Longitude_g1_t2: 65.23208606422868
Altitude_g1_t2: 925.0035539462402
"
"4.213745084656706E-4","9.86174652556722E-4","0.050799356509620266","0.764349713285412","1.0857796012845968","0.8390552762882908","12836","302","9.0","defineEvidence( LatitudeReport_g1_s1_t1 , 22.682081041718426); 
defineEvidence( LongitudeReport_g1_s1_t1 , 67.03007274858358); 
defineEvidence( AltitudeReport_g1_s1_t1 , 926.4111028525659); 
defineEvidence( DistanceToCIReport_g1_s1_t1 , 1038.697673394847); 
defineEvidence( DirectionToCIReport_g1_s1_t1 , 139.06358404103142); 
defineEvidence( ImageReport_g1_s1_t1 , Others); 
defineEvidence( TemperatureReport_g1_s1_t1 , 96.78240112211124); 
defineEvidence( SizeReport_g1_s1_t1 , 3.422367115554307); 
defineEvidence( RegionTypeReport_g1_s1_t1 , offroad); 
defineEvidence( DistanceToSensor_g1_s1_t1 , Mid); 
","TargetType_g1: Others
Mission_g1_t2: Others
Activity_g1_t2: HeadingToOthers
Latitude_g1_t2: 23.94614157457911
Longitude_g1_t2: 65.23208606422868
Altitude_g1_t2: 925.0035539462402
"
"7.674378299143058E-4","0.001789288602689989","0.05429916444641178","2.4187632630879556","0.7560543546785385","0.9522359120390305","12833","302","9.0","defineEvidence( LatitudeReport_g1_s1_t1 , 17.447657417137734); 
defineEvidence( LongitudeReport_g1_s1_t1 , 66.18715219497858); 
defineEvidence( AltitudeReport_g1_s1_t1 , 528.4030344663109); 
defineEvidence( DistanceToCIReport_g1_s1_t1 , 885.2467585677821); 
defineEvidence( DirectionToCIReport_g1_s1_t1 , 119.67300199939436); 
defineEvidence( ImageReport_g1_s1_t1 , Others); 
defineEvidence( TemperatureReport_g1_s1_t1 , 96.00346026545557); 
defineEvidence( SizeReport_g1_s1_t1 , 3.2961382017823886); 
defineEvidence( RegionTypeReport_g1_s1_t1 , offroad); 
defineEvidence( DistanceToSensor_g1_s1_t1 , Short); 
","TargetType_g1: Others
Mission_g1_t2: Others
Activity_g1_t2: HeadingToOthers
Latitude_g1_t2: 20.78458917709778
Longitude_g1_t2: 64.92275521241118
Altitude_g1_t2: 529.9882874492887
"
"7.674378299143308E-4","0.001789288602690044","0.054299164446413764","0.4326779773936955","0.44252900453946464","0.7228485246552728","12999","302","9.0","defineEvidence( LatitudeReport_g1_s1_t1 , 20.373970880370994); 
defineEvidence( LongitudeReport_g1_s1_t1 , 65.40864184697644); 
defineEvidence( AltitudeReport_g1_s1_t1 , 531.1973176020367); 
defineEvidence( DistanceToCIReport_g1_s1_t1 , 890.1911407916651); 
defineEvidence( DirectionToCIReport_g1_s1_t1 , 116.43196565345055); 
defineEvidence( ImageReport_g1_s1_t1 , Others); 
defineEvidence( TemperatureReport_g1_s1_t1 , 96.00346026545557); 
defineEvidence( SizeReport_g1_s1_t1 , 3.2961382017823886); 
defineEvidence( RegionTypeReport_g1_s1_t1 , offroad); 
defineEvidence( DistanceToSensor_g1_s1_t1 , Short); 
","TargetType_g1: Others
Mission_g1_t2: Others
Activity_g1_t2: HeadingToOthers
Latitude_g1_t2: 20.78458917709778
Longitude_g1_t2: 64.92275521241118
Altitude_g1_t2: 529.9882874492887
"
"7.674378299143058E-4","0.001789288602689989","0.05429916444641178","2.4187632630879556","0.7560543546785385","0.9522359120390305","12884","302","9.0","defineEvidence( LatitudeReport_g1_s1_t1 , 17.447657417137734); 
defineEvidence( LongitudeReport_g1_s1_t1 , 66.18715219497858); 
defineEvidence( AltitudeReport_g1_s1_t1 , 528.4030344663109); 
defineEvidence( DistanceToCIReport_g1_s1_t1 , 885.2467585677821); 
defineEvidence( DirectionToCIReport_g1_s1_t1 , 119.67300199939436); 
defineEvidence( ImageReport_g1_s1_t1 , Others); 
defineEvidence( TemperatureReport_g1_s1_t1 , 96.00346026545557); 
defineEvidence( SizeReport_g1_s1_t1 , 3.2961382017823886); 
defineEvidence( RegionTypeReport_g1_s1_t1 , offroad); 
defineEvidence( DistanceToSensor_g1_s1_t1 , Short); 
","TargetType_g1: Others
Mission_g1_t2: Others
Activity_g1_t2: HeadingToOthers
Latitude_g1_t2: 20.78458917709778
Longitude_g1_t2: 64.92275521241118
Altitude_g1_t2: 529.9882874492887
"
"0.0011805085485608923","0.002752425548647553","0.057851675077822656","2.4187645506134485","0.7560439986837718","0.9522360760308768","12786","302","9.0","defineEvidence( LatitudeReport_g1_s1_t1 , 17.447657417137734); 
defineEvidence( LongitudeReport_g1_s1_t1 , 66.18715219497858); 
defineEvidence( AltitudeReport_g1_s1_t1 , 528.4030344663109); 
defineEvidence( DistanceToCIReport_g1_s1_t1 , 885.2467585677821); 
defineEvidence( DirectionToCIReport_g1_s1_t1 , 119.67300199939436); 
defineEvidence( ImageReport_g1_s1_t1 , Others); 
defineEvidence( TemperatureReport_g1_s1_t1 , 99.73147929597711); 
defineEvidence( SizeReport_g1_s1_t1 , 1.1590810405222556); 
defineEvidence( RegionTypeReport_g1_s1_t1 , offroad); 
defineEvidence( DistanceToSensor_g1_s1_t1 , Short); 
","TargetType_g1: Others
Mission_g1_t2: Others
Activity_g1_t2: HeadingToOthers
Latitude_g1_t2: 20.78458917709778
Longitude_g1_t2: 64.92275521241118
Altitude_g1_t2: 529.9882874492887
"
"0.0011805085485608923","0.002752425548647553","0.057851675077822656","2.4187645506134485","0.7560439986837718","0.9522360760308768","12501","302","9.0","defineEvidence( LatitudeReport_g1_s1_t1 , 17.447657417137734); 
defineEvidence( LongitudeReport_g1_s1_t1 , 66.18715219497858); 
defineEvidence( AltitudeReport_g1_s1_t1 , 528.4030344663109); 
defineEvidence( DistanceToCIReport_g1_s1_t1 , 885.2467585677821); 
defineEvidence( DirectionToCIReport_g1_s1_t1 , 119.67300199939436); 
defineEvidence( ImageReport_g1_s1_t1 , Others); 
defineEvidence( TemperatureReport_g1_s1_t1 , 99.73147929597711); 
defineEvidence( SizeReport_g1_s1_t1 , 1.1590810405222556); 
defineEvidence( RegionTypeReport_g1_s1_t1 , offroad); 
defineEvidence( DistanceToSensor_g1_s1_t1 , Short); 
","TargetType_g1: Others
Mission_g1_t2: Others
Activity_g1_t2: HeadingToOthers
Latitude_g1_t2: 20.78458917709778
Longitude_g1_t2: 64.92275521241118
Altitude_g1_t2: 529.9882874492887
"
"0.0011805085485609135","0.0027524255486476162","0.05785167507782462","0.4326782481661051","0.44252473273413845","0.7228483918209534","12498","302","9.0","defineEvidence( LatitudeReport_g1_s1_t1 , 20.373970880370994); 
defineEvidence( LongitudeReport_g1_s1_t1 , 65.40864184697644); 
defineEvidence( AltitudeReport_g1_s1_t1 , 531.1973176020367); 
defineEvidence( DistanceToCIReport_g1_s1_t1 , 890.1911407916651); 
defineEvidence( DirectionToCIReport_g1_s1_t1 , 116.43196565345055); 
defineEvidence( ImageReport_g1_s1_t1 , Others); 
defineEvidence( TemperatureReport_g1_s1_t1 , 99.73147929597711); 
defineEvidence( SizeReport_g1_s1_t1 , 1.1590810405222556); 
defineEvidence( RegionTypeReport_g1_s1_t1 , offroad); 
defineEvidence( DistanceToSensor_g1_s1_t1 , Short); 
","TargetType_g1: Others
Mission_g1_t2: Others
Activity_g1_t2: HeadingToOthers
Latitude_g1_t2: 20.78458917709778
Longitude_g1_t2: 64.92275521241118
Altitude_g1_t2: 529.9882874492887
"
"0.02538941520677783","0.058736906502952164","0.17258668930208293","0.4335735078798754","0.635080712592597","0.9416982732952252","17491","302","13.0","defineEvidence( LatitudeReport_g1_s1_t1 , 24.109122248691722); 
defineEvidence( LongitudeReport_g1_s1_t1 , 68.00779849774072); 
defineEvidence( AltitudeReport_g1_s1_t1 , 926.6351066753756); 
defineEvidence( DistanceToCIReport_g1_s1_t1 , 1213.8148864490408); 
defineEvidence( DirectionToCIReport_g1_s1_t1 , 63.29914308509073); 
defineEvidence( ImageReport_g1_s1_t1 , MilitaryWheeled); 
defineEvidence( TemperatureReport_g1_s1_t1 , 95.2143080035761); 
defineEvidence( SizeReport_g1_s1_t1 , 0.8954440961979092); 
defineEvidence( RegionTypeReport_g1_s1_t1 , offroad); 
defineEvidence( DistanceToSensor_g1_s1_t1 , Mid); 
","TargetType_g1: Others
Mission_g1_t2: Others
Activity_g1_t2: HeadingToOthers
Latitude_g1_t2: 24.182688684649325
Longitude_g1_t2: 67.01315290397802
Altitude_g1_t2: 925.0534638302204
"
"1.462229523616136E-4","3.4197046933564205E-4","0.04706070561710202","0.6189756654305483","0.8234470459575851","0.9607844234943286","10004","302","7.0","defineEvidence( LatitudeReport_g1_s1_t1 , 21.774439185578654); 
defineEvidence( LongitudeReport_g1_s1_t1 , 63.52565918532664); 
defineEvidence( AltitudeReport_g1_s1_t1 , 531.5819153082923); 
defineEvidence( DistanceToCIReport_g1_s1_t1 , 893.6360926570547); 
defineEvidence( DirectionToCIReport_g1_s1_t1 , 117.42686329939527); 
defineEvidence( ImageReport_g1_s1_t1 , Others); 
defineEvidence( TemperatureReport_g1_s1_t1 , 94.4133542249285); 
defineEvidence( SizeReport_g1_s1_t1 , -0.7502582114011457); 
defineEvidence( RegionTypeReport_g1_s1_t1 , offroad); 
defineEvidence( DistanceToSensor_g1_s1_t1 , Short); 
","TargetType_g1: Others
Mission_g1_t2: Others
Activity_g1_t2: HeadingToOthers
Latitude_g1_t2: 20.7838268233763
Longitude_g1_t2: 64.91311410367611
Altitude_g1_t2: 529.9840005893893
"
"7.231748118243259E-4","0.0016866847654043212","0.05388831718171982","2.039900916303985","1.3476438245714768","0.550595942669715","12543","302","9.0","defineEvidence( LatitudeReport_g1_s1_t1 , 17.850386080829146); 
defineEvidence( LongitudeReport_g1_s1_t1 , 62.77666525575514); 
defineEvidence( AltitudeReport_g1_s1_t1 , 530.8254965392306); 
defineEvidence( DistanceToCIReport_g1_s1_t1 , 889.9321167454831); 
defineEvidence( DirectionToCIReport_g1_s1_t1 , 119.57734748128239); 
defineEvidence( ImageReport_g1_s1_t1 , Others); 
defineEvidence( TemperatureReport_g1_s1_t1 , 97.91321674704817); 
defineEvidence( SizeReport_g1_s1_t1 , 0.4604580413845642); 
defineEvidence( RegionTypeReport_g1_s1_t1 , offroad); 
defineEvidence( DistanceToSensor_g1_s1_t1 , Short); 
","TargetType_g1: Others
Mission_g1_t2: Others
Activity_g1_t2: HeadingToOthers
Latitude_g1_t2: 20.783070309003932
Longitude_g1_t2: 64.90354684228795
Altitude_g1_t2: 529.9810124102828
"
"7.231748118243259E-4","0.0016866847654043212","0.05388831718171982","2.039900916303985","1.3476438245714768","0.550595942669715","12474","302","9.0","defineEvidence( LatitudeReport_g1_s1_t1 , 17.850386080829146); 
defineEvidence( LongitudeReport_g1_s1_t1 , 62.77666525575514); 
defineEvidence( AltitudeReport_g1_s1_t1 , 530.8254965392306); 
defineEvidence( DistanceToCIReport_g1_s1_t1 , 889.9321167454831); 
defineEvidence( DirectionToCIReport_g1_s1_t1 , 119.57734748128239); 
defineEvidence( ImageReport_g1_s1_t1 , Others); 
defineEvidence( TemperatureReport_g1_s1_t1 , 97.91321674704817); 
defineEvidence( SizeReport_g1_s1_t1 , 0.4604580413845642); 
defineEvidence( RegionTypeReport_g1_s1_t1 , offroad); 
defineEvidence( DistanceToSensor_g1_s1_t1 , Short); 
","TargetType_g1: Others
Mission_g1_t2: Others
Activity_g1_t2: HeadingToOthers
Latitude_g1_t2: 20.783070309003932
Longitude_g1_t2: 64.90354684228795
Altitude_g1_t2: 529.9810124102828
"
"7.231748118243259E-4","0.0016866847654043217","0.053888317181719776","0.6780180331715584","0.45794832536325064","0.8118360677495684","12677","302","9.0","defineEvidence( LatitudeReport_g1_s1_t1 , 19.6674700621231); 
defineEvidence( LongitudeReport_g1_s1_t1 , 65.45164898450288); 
defineEvidence( AltitudeReport_g1_s1_t1 , 528.6164370399058); 
defineEvidence( DistanceToCIReport_g1_s1_t1 , 895.5936016689495); 
defineEvidence( DirectionToCIReport_g1_s1_t1 , 120.51163781514335); 
defineEvidence( ImageReport_g1_s1_t1 , Others); 
defineEvidence( TemperatureReport_g1_s1_t1 , 97.91321674704817); 
defineEvidence( SizeReport_g1_s1_t1 , 0.4604580413845642); 
defineEvidence( RegionTypeReport_g1_s1_t1 , offroad); 
defineEvidence( DistanceToSensor_g1_s1_t1 , Short); 
","TargetType_g1: Others
Mission_g1_t2: Others
Activity_g1_t2: HeadingToOthers
Latitude_g1_t2: 20.783070309003932
Longitude_g1_t2: 64.90354684228795
Altitude_g1_t2: 529.9810124102828
"
"8.636163564353266E-4","0.0020139598812821194","0.055174536854815485","0.6780182629770555","0.45794652483755616","0.8118361222221845","12519","302","9.0","defineEvidence( LatitudeReport_g1_s1_t1 , 19.6674700621231); 
defineEvidence( LongitudeReport_g1_s1_t1 , 65.45164898450288); 
defineEvidence( AltitudeReport_g1_s1_t1 , 528.6164370399058); 
defineEvidence( DistanceToCIReport_g1_s1_t1 , 895.5936016689495); 
defineEvidence( DirectionToCIReport_g1_s1_t1 , 120.51163781514335); 
defineEvidence( ImageReport_g1_s1_t1 , Others); 
defineEvidence( TemperatureReport_g1_s1_t1 , 98.18819598270719); 
defineEvidence( SizeReport_g1_s1_t1 , 0.6669205971118003); 
defineEvidence( RegionTypeReport_g1_s1_t1 , offroad); 
defineEvidence( DistanceToSensor_g1_s1_t1 , Short); 
","TargetType_g1: Others
Mission_g1_t2: Others
Activity_g1_t2: HeadingToOthers
Latitude_g1_t2: 20.783070309003932
Longitude_g1_t2: 64.90354684228795
Altitude_g1_t2: 529.9810124102828
"
"7.681397149110984E-4","0.0017960141602298167","1.4082886432416495","0.9284030469903893","0.7192208449019601","0.8342618753243711","12615","302","9.0","defineEvidence( LatitudeReport_g1_s1_t1 , 25.507499204229607); 
defineEvidence( LongitudeReport_g1_s1_t1 , 66.40975692669267); 
defineEvidence( AltitudeReport_g1_s1_t1 , 926.4036519878895); 
defineEvidence( DistanceToCIReport_g1_s1_t1 , 1037.8111889854379); 
defineEvidence( DirectionToCIReport_g1_s1_t1 , 136.86857487845003); 
defineEvidence( ImageReport_g1_s1_t1 , Others); 
defineEvidence( TemperatureReport_g1_s1_t1 , 95.74535172478619); 
defineEvidence( SizeReport_g1_s1_t1 , 1.647336320707502); 
defineEvidence( RegionTypeReport_g1_s1_t1 , offroad); 
defineEvidence( DistanceToSensor_g1_s1_t1 , Mid); 
","TargetType_g1: Others
Mission_g1_t2: Others
Activity_g1_t2: Staying
Latitude_g1_t2: 23.94651340269059
Longitude_g1_t2: 65.23102705996249
Altitude_g1_t2: 925.0046373908662
"
"7.681397149110984E-4","0.0017960141602298167","1.4082886432416495","1.7470926017978443","1.1594802786583196","2.0831003995433974","12549","302","9.0","defineEvidence( LatitudeReport_g1_s1_t1 , 21.27976813267595); 
defineEvidence( LongitudeReport_g1_s1_t1 , 67.13461487972172); 
defineEvidence( AltitudeReport_g1_s1_t1 , 928.0408647870385); 
defineEvidence( DistanceToCIReport_g1_s1_t1 , 1037.8965079122063); 
defineEvidence( DirectionToCIReport_g1_s1_t1 , 134.2389881709077); 
defineEvidence( ImageReport_g1_s1_t1 , Others); 
defineEvidence( TemperatureReport_g1_s1_t1 , 95.74535172478619); 
defineEvidence( SizeReport_g1_s1_t1 , 1.647336320707502); 
defineEvidence( RegionTypeReport_g1_s1_t1 , offroad); 
defineEvidence( DistanceToSensor_g1_s1_t1 , Mid); 
","TargetType_g1: Others
Mission_g1_t2: Others
Activity_g1_t2: Staying
Latitude_g1_t2: 23.94651340269059
Longitude_g1_t2: 65.23102705996249
Altitude_g1_t2: 925.0046373908662
"
"3.4073284084373996E-5","8.017651734687804E-5","0.044591191001570406","0.5978581750877263","0.4451869976053702","0.3858389773525702","10104","302","7.0","defineEvidence( LatitudeReport_g1_s1_t1 , 21.72443222016561); 
defineEvidence( LongitudeReport_g1_s1_t1 , 64.39248953024084); 
defineEvidence( AltitudeReport_g1_s1_t1 , 530.1461672594373); 
defineEvidence( DistanceToCIReport_g1_s1_t1 , 894.7123576417863); 
defineEvidence( DirectionToCIReport_g1_s1_t1 , 121.62304891031498); 
defineEvidence( ImageReport_g1_s1_t1 , Others); 
defineEvidence( TemperatureReport_g1_s1_t1 , 98.21066944805325); 
defineEvidence( SizeReport_g1_s1_t1 , -1.493219415777197); 
defineEvidence( RegionTypeReport_g1_s1_t1 , offroad); 
defineEvidence( DistanceToSensor_g1_s1_t1 , Short); 
","TargetType_g1: Others
Mission_g1_t2: Others
Activity_g1_t2: HeadingToOthers
Latitude_g1_t2: 20.782499795810054
Longitude_g1_t2: 64.89633184538823
Altitude_g1_t2: 529.9800634090154
"
"3.4073284084373996E-5","8.017651734687804E-5","0.044591191001570406","0.5978581750877263","0.4451869976053702","0.3858389773525702","9943","302","7.0","defineEvidence( LatitudeReport_g1_s1_t1 , 21.72443222016561); 
defineEvidence( LongitudeReport_g1_s1_t1 , 64.39248953024084); 
defineEvidence( AltitudeReport_g1_s1_t1 , 530.1461672594373); 
defineEvidence( DistanceToCIReport_g1_s1_t1 , 894.7123576417863); 
defineEvidence( DirectionToCIReport_g1_s1_t1 , 121.62304891031498); 
defineEvidence( ImageReport_g1_s1_t1 , Others); 
defineEvidence( TemperatureReport_g1_s1_t1 , 98.21066944805325); 
defineEvidence( SizeReport_g1_s1_t1 , -1.493219415777197); 
defineEvidence( RegionTypeReport_g1_s1_t1 , offroad); 
defineEvidence( DistanceToSensor_g1_s1_t1 , Short); 
","TargetType_g1: Others
Mission_g1_t2: Others
Activity_g1_t2: HeadingToOthers
Latitude_g1_t2: 20.782499795810054
Longitude_g1_t2: 64.89633184538823
Altitude_g1_t2: 529.9800634090154
"
"4.388543300200623E-4","0.0010241078877786637","0.050981311186354475","0.9034757495850975","0.7775456362115584","0.7198419608347882","10147","302","7.0","defineEvidence( LatitudeReport_g1_s1_t1 , 19.267917437702117); 
defineEvidence( LongitudeReport_g1_s1_t1 , 66.1987560152238); 
defineEvidence( AltitudeReport_g1_s1_t1 , 531.1835799277001); 
defineEvidence( DistanceToCIReport_g1_s1_t1 , 893.2465602380556); 
defineEvidence( DirectionToCIReport_g1_s1_t1 , 119.78417773763262); 
defineEvidence( ImageReport_g1_s1_t1 , Others); 
defineEvidence( TemperatureReport_g1_s1_t1 , 98.44527079393956); 
defineEvidence( SizeReport_g1_s1_t1 , -0.0034637747528346585); 
defineEvidence( RegionTypeReport_g1_s1_t1 , offroad); 
defineEvidence( DistanceToSensor_g1_s1_t1 , Short); 
","TargetType_g1: Others
Mission_g1_t2: Others
Activity_g1_t2: HeadingToOthers
Latitude_g1_t2: 20.782499795810054
Longitude_g1_t2: 64.89633184538823
Altitude_g1_t2: 529.9800634090154
"
"4.38854330020062E-4","0.001024107887778655","0.050981311186354364","0.597857083370291","0.44519716582876595","0.38583893275100756","10032","302","7.0","defineEvidence( LatitudeReport_g1_s1_t1 , 21.72443222016561); 
defineEvidence( LongitudeReport_g1_s1_t1 , 64.39248953024084); 
defineEvidence( AltitudeReport_g1_s1_t1 , 530.1461672594373); 
defineEvidence( DistanceToCIReport_g1_s1_t1 , 894.7123576417863); 
defineEvidence( DirectionToCIReport_g1_s1_t1 , 121.62304891031498); 
defineEvidence( ImageReport_g1_s1_t1 , Others); 
defineEvidence( TemperatureReport_g1_s1_t1 , 98.44527079393956); 
defineEvidence( SizeReport_g1_s1_t1 , -0.0034637747528346585); 
defineEvidence( RegionTypeReport_g1_s1_t1 , offroad); 
defineEvidence( DistanceToSensor_g1_s1_t1 , Short); 
","TargetType_g1: Others
Mission_g1_t2: Others
Activity_g1_t2: HeadingToOthers
Latitude_g1_t2: 20.782499795810054
Longitude_g1_t2: 64.89633184538823
Altitude_g1_t2: 529.9800634090154
"
"0.0011575941065098492","0.0026990276726662783","0.05766642883069953","2.9574013204131653","0.9334778043680266","0.38007648607672295","12617","302","9.0","defineEvidence( LatitudeReport_g1_s1_t1 , 16.888380241437282); 
defineEvidence( LongitudeReport_g1_s1_t1 , 63.325340311943386); 
defineEvidence( AltitudeReport_g1_s1_t1 , 530.0439466790791); 
defineEvidence( DistanceToCIReport_g1_s1_t1 , 895.5461866414349); 
defineEvidence( DirectionToCIReport_g1_s1_t1 , 117.75189802044058); 
defineEvidence( ImageReport_g1_s1_t1 , Others); 
defineEvidence( TemperatureReport_g1_s1_t1 , 97.60960652599748); 
defineEvidence( SizeReport_g1_s1_t1 , 1.1191097112915322); 
defineEvidence( RegionTypeReport_g1_s1_t1 , offroad); 
defineEvidence( DistanceToSensor_g1_s1_t1 , Short); 
","TargetType_g1: Others
Mission_g1_t2: Others
Activity_g1_t2: HeadingToOthers
Latitude_g1_t2: 20.781833980244755
Longitude_g1_t2: 64.88791160674876
Altitude_g1_t2: 529.9795325018922
"
"1.1647324959961814E-4","2.7238952665579194E-4","0.04652462707919247","1.1532838649746675","0.4111391027304864","0.39065053256713456","10019","302","7.0","defineEvidence( LatitudeReport_g1_s1_t1 , 18.90247611931124); 
defineEvidence( LongitudeReport_g1_s1_t1 , 65.20210631546382); 
defineEvidence( AltitudeReport_g1_s1_t1 , 530.1947099392702); 
defineEvidence( DistanceToCIReport_g1_s1_t1 , 895.6391202224564); 
defineEvidence( DirectionToCIReport_g1_s1_t1 , 120.41293972927394); 
defineEvidence( ImageReport_g1_s1_t1 , Others); 
defineEvidence( TemperatureReport_g1_s1_t1 , 99.0288693918302); 
defineEvidence( SizeReport_g1_s1_t1 , 4.702384167232012); 
defineEvidence( RegionTypeReport_g1_s1_t1 , offroad); 
defineEvidence( DistanceToSensor_g1_s1_t1 , Short); 
","TargetType_g1: Others
Mission_g1_t2: Others
Activity_g1_t2: HeadingToOthers
Latitude_g1_t2: 20.78092031413302
Longitude_g1_t2: 64.87635692539475
Altitude_g1_t2: 529.9774765122494
"
"1.1647324959961814E-4","2.7238952665579194E-4","0.04652462707919247","1.1532838649746675","0.4111391027304864","0.39065053256713456","10136","302","7.0","defineEvidence( LatitudeReport_g1_s1_t1 , 18.90247611931124); 
defineEvidence( LongitudeReport_g1_s1_t1 , 65.20210631546382); 
defineEvidence( AltitudeReport_g1_s1_t1 , 530.1947099392702); 
defineEvidence( DistanceToCIReport_g1_s1_t1 , 895.6391202224564); 
defineEvidence( DirectionToCIReport_g1_s1_t1 , 120.41293972927394); 
defineEvidence( ImageReport_g1_s1_t1 , Others); 
defineEvidence( TemperatureReport_g1_s1_t1 , 99.0288693918302); 
defineEvidence( SizeReport_g1_s1_t1 , 4.702384167232012); 
defineEvidence( RegionTypeReport_g1_s1_t1 , offroad); 
defineEvidence( DistanceToSensor_g1_s1_t1 , Short); 
","TargetType_g1: Others
Mission_g1_t2: Others
Activity_g1_t2: HeadingToOthers
Latitude_g1_t2: 20.78092031413302
Longitude_g1_t2: 64.87635692539475
Altitude_g1_t2: 529.9774765122494
"
"0.0013809336103201052","0.0032192651566452135","0.059427064741273135","0.6314348196516879","0.47507631571785697","0.48234672715371785","12538","302","9.0","defineEvidence( LatitudeReport_g1_s1_t1 , 19.76356785183257); 
defineEvidence( LongitudeReport_g1_s1_t1 , 65.48646845629337); 
defineEvidence( AltitudeReport_g1_s1_t1 , 530.6298121782356); 
defineEvidence( DistanceToCIReport_g1_s1_t1 , 898.2205882555552); 
defineEvidence( DirectionToCIReport_g1_s1_t1 , 121.557863130733); 
defineEvidence( ImageReport_g1_s1_t1 , Others); 
defineEvidence( TemperatureReport_g1_s1_t1 , 95.09395124418953); 
defineEvidence( SizeReport_g1_s1_t1 , 2.1776278159010762); 
defineEvidence( RegionTypeReport_g1_s1_t1 , offroad); 
defineEvidence( DistanceToSensor_g1_s1_t1 , Short); 
","TargetType_g1: Others
Mission_g1_t2: Others
Activity_g1_t2: HeadingToOthers
Latitude_g1_t2: 20.78092031413302
Longitude_g1_t2: 64.87635692539475
Altitude_g1_t2: 529.9774765122494
"
"0.0013809336103201052","0.0032192651566452135","0.059427064741273176","1.15328740979534","0.4111277353798979","0.3906504303946311","12581","302","9.0","defineEvidence( LatitudeReport_g1_s1_t1 , 18.90247611931124); 
defineEvidence( LongitudeReport_g1_s1_t1 , 65.20210631546382); 
defineEvidence( AltitudeReport_g1_s1_t1 , 530.1947099392702); 
defineEvidence( DistanceToCIReport_g1_s1_t1 , 895.6391202224564); 
defineEvidence( DirectionToCIReport_g1_s1_t1 , 120.41293972927394); 
defineEvidence( ImageReport_g1_s1_t1 , Others); 
defineEvidence( TemperatureReport_g1_s1_t1 , 95.09395124418953); 
defineEvidence( SizeReport_g1_s1_t1 , 2.1776278159010762); 
defineEvidence( RegionTypeReport_g1_s1_t1 , offroad); 
defineEvidence( DistanceToSensor_g1_s1_t1 , Short); 
","TargetType_g1: Others
Mission_g1_t2: Others
Activity_g1_t2: HeadingToOthers
Latitude_g1_t2: 20.78092031413302
Longitude_g1_t2: 64.87635692539475
Altitude_g1_t2: 529.9774765122494
"
"5.110878669261849E-5","1.20391266884605E-4","0.04509533938690358","0.48435305761253805","1.340540609463871","0.5399687957856492","10035","302","7.0","defineEvidence( LatitudeReport_g1_s1_t1 , 23.455252679905662); 
defineEvidence( LongitudeReport_g1_s1_t1 , 67.37685660543993); 
defineEvidence( AltitudeReport_g1_s1_t1 , 925.741561399378); 
defineEvidence( DistanceToCIReport_g1_s1_t1 , 1039.6879946409783); 
defineEvidence( DirectionToCIReport_g1_s1_t1 , 88.72287728783542); 
defineEvidence( ImageReport_g1_s1_t1 , Others); 
defineEvidence( TemperatureReport_g1_s1_t1 , 97.54133583442514); 
defineEvidence( SizeReport_g1_s1_t1 , -1.3600607335243626); 
defineEvidence( RegionTypeReport_g1_s1_t1 , offroad); 
defineEvidence( DistanceToSensor_g1_s1_t1 , Mid); 
","TargetType_g1: Others
Mission_g1_t2: Others
Activity_g1_t2: HeadingToOthers
Latitude_g1_t2: 23.94716219152361
Longitude_g1_t2: 65.22915000088949
Altitude_g1_t2: 925.0108816721505
"
"9.85117272846126E-4","0.0022965769895641796","0.05623047039732157","0.727704751439291","0.42838332435294746","1.251371134631634","12595","302","9.0","defineEvidence( LatitudeReport_g1_s1_t1 , 21.99426636475706); 
defineEvidence( LongitudeReport_g1_s1_t1 , 65.29349428114631); 
defineEvidence( AltitudeReport_g1_s1_t1 , 531.9777383774126); 
defineEvidence( DistanceToCIReport_g1_s1_t1 , 896.4389674455401); 
defineEvidence( DirectionToCIReport_g1_s1_t1 , 121.37374386752987); 
defineEvidence( ImageReport_g1_s1_t1 , Others); 
defineEvidence( TemperatureReport_g1_s1_t1 , 95.3256127565811); 
defineEvidence( SizeReport_g1_s1_t1 , 2.976217927983128); 
defineEvidence( RegionTypeReport_g1_s1_t1 , offroad); 
defineEvidence( DistanceToSensor_g1_s1_t1 , Short); 
","TargetType_g1: Others
Mission_g1_t2: Others
Activity_g1_t2: HeadingToOthers
Latitude_g1_t2: 20.780603854269117
Longitude_g1_t2: 64.87235481473112
Altitude_g1_t2: 529.9822152495826
"
"9.85117272846126E-4","0.0022965769895641813","0.056230470397321576","1.782902887728161","0.49561476148041156","0.4168816912037365","12561","302","9.0","defineEvidence( LatitudeReport_g1_s1_t1 , 18.13266007789727); 
defineEvidence( LongitudeReport_g1_s1_t1 , 65.54968591553275); 
defineEvidence( AltitudeReport_g1_s1_t1 , 530.3753487099626); 
defineEvidence( DistanceToCIReport_g1_s1_t1 , 898.5328685855792); 
defineEvidence( DirectionToCIReport_g1_s1_t1 , 120.89082182238317); 
defineEvidence( ImageReport_g1_s1_t1 , Others); 
defineEvidence( TemperatureReport_g1_s1_t1 , 95.3256127565811); 
defineEvidence( SizeReport_g1_s1_t1 , 2.976217927983128); 
defineEvidence( RegionTypeReport_g1_s1_t1 , offroad); 
defineEvidence( DistanceToSensor_g1_s1_t1 , Short); 
","TargetType_g1: Others
Mission_g1_t2: Others
Activity_g1_t2: HeadingToOthers
Latitude_g1_t2: 20.780603854269117
Longitude_g1_t2: 64.87235481473112
Altitude_g1_t2: 529.9822152495826
"
"0.04094020289953396","0.05078511437650796","0.08255659960440652","0.6743704017461644","0.48913975366948975","0.5415479837753443","20041","302","15.0","defineEvidence( LatitudeReport_g1_s1_t1 , 24.822407083416508); 
defineEvidence( LongitudeReport_g1_s1_t1 , 67.93017737820642); 
defineEvidence( AltitudeReport_g1_s1_t1 , 924.2555276602586); 
defineEvidence( DistanceToCIReport_g1_s1_t1 , 1289.7025101569059); 
defineEvidence( DirectionToCIReport_g1_s1_t1 , 18.751420859854782); 
defineEvidence( ImageReport_g1_s1_t1 , HumanWithWeapon); 
defineEvidence( TemperatureReport_g1_s1_t1 , 97.44886634927639); 
defineEvidence( SizeReport_g1_s1_t1 , 2.6265524207037525); 
defineEvidence( RegionTypeReport_g1_s1_t1 , offroad); 
defineEvidence( DistanceToSensor_g1_s1_t1 , Mid); 
","TargetType_g1: ThreateningGroundTarget
Mission_g1_t2: Attack
Activity_g1_t2: HeadingToCI
Latitude_g1_t2: 23.748763002293934
Longitude_g1_t2: 68.49092419663845
Altitude_g1_t2: 924.9912274515374
"
"6.367337868237461E-4","0.001489157974894742","0.05307117681182008","0.48045856740738957","0.6225619444400151","1.1776063571381423","12511","302","9.0","defineEvidence( LatitudeReport_g1_s1_t1 , 23.47447204977751); 
defineEvidence( LongitudeReport_g1_s1_t1 , 66.19271044125469); 
defineEvidence( AltitudeReport_g1_s1_t1 , 923.0765112116343); 
defineEvidence( DistanceToCIReport_g1_s1_t1 , 1039.6600106136132); 
defineEvidence( DirectionToCIReport_g1_s1_t1 , 137.38775761638814); 
defineEvidence( ImageReport_g1_s1_t1 , Others); 
defineEvidence( TemperatureReport_g1_s1_t1 , 100.01469327912179); 
defineEvidence( SizeReport_g1_s1_t1 , 0.9970861217220819); 
defineEvidence( RegionTypeReport_g1_s1_t1 , offroad); 
defineEvidence( DistanceToSensor_g1_s1_t1 , Mid); 
","TargetType_g1: Others
Mission_g1_t2: Others
Activity_g1_t2: HeadingToOthers
Latitude_g1_t2: 23.94740855622702
Longitude_g1_t2: 65.2285791846946
Altitude_g1_t2: 925.0120594174404
"
"6.367337868237461E-4","0.001489157974894742","0.05307117681182008","0.43428868534411363","0.44700977212186493","2.924119108795839","12531","302","9.0","defineEvidence( LatitudeReport_g1_s1_t1 , 23.85410433652742); 
defineEvidence( LongitudeReport_g1_s1_t1 , 65.57843653742484); 
defineEvidence( AltitudeReport_g1_s1_t1 , 921.0835115765252); 
defineEvidence( DistanceToCIReport_g1_s1_t1 , 1041.6943090080172); 
defineEvidence( DirectionToCIReport_g1_s1_t1 , 137.10870361620317); 
defineEvidence( ImageReport_g1_s1_t1 , Others); 
defineEvidence( TemperatureReport_g1_s1_t1 , 100.01469327912179); 
defineEvidence( SizeReport_g1_s1_t1 , 0.9970861217220819); 
defineEvidence( RegionTypeReport_g1_s1_t1 , offroad); 
defineEvidence( DistanceToSensor_g1_s1_t1 , Mid); 
","TargetType_g1: Others
Mission_g1_t2: Others
Activity_g1_t2: HeadingToOthers
Latitude_g1_t2: 23.94740855622702
Longitude_g1_t2: 65.2285791846946
Altitude_g1_t2: 925.0120594174404
"
"3.2503586992022927E-4","7.584585272358595E-4","0.0496310529096229","1.2523049282760068","0.8527823742995003","0.3797604667338936","10085","302","7.0","defineEvidence( LatitudeReport_g1_s1_t1 , 18.770011927793); 
defineEvidence( LongitudeReport_g1_s1_t1 , 66.29402219167748); 
defineEvidence( AltitudeReport_g1_s1_t1 , 530.031949278684); 
defineEvidence( DistanceToCIReport_g1_s1_t1 , 900.7839520483574); 
defineEvidence( DirectionToCIReport_g1_s1_t1 , 123.6993171138387); 
defineEvidence( ImageReport_g1_s1_t1 , Others); 
defineEvidence( TemperatureReport_g1_s1_t1 , 94.44410178490091); 
defineEvidence( SizeReport_g1_s1_t1 , 4.056497157173938); 
defineEvidence( RegionTypeReport_g1_s1_t1 , offroad); 
defineEvidence( DistanceToSensor_g1_s1_t1 , Short); 
","TargetType_g1: Others
Mission_g1_t2: Others
Activity_g1_t2: HeadingToOthers
Latitude_g1_t2: 20.780022145282253
Longitude_g1_t2: 64.86499823020021
Altitude_g1_t2: 529.9784255415912
"
"3.2503586992022927E-4","7.584585272358595E-4","0.0496310529096229","1.2523049282760068","0.8527823742995003","0.3797604667338936","10010","302","7.0","defineEvidence( LatitudeReport_g1_s1_t1 , 18.770011927793); 
defineEvidence( LongitudeReport_g1_s1_t1 , 66.29402219167748); 
defineEvidence( AltitudeReport_g1_s1_t1 , 530.031949278684); 
defineEvidence( DistanceToCIReport_g1_s1_t1 , 900.7839520483574); 
defineEvidence( DirectionToCIReport_g1_s1_t1 , 123.6993171138387); 
defineEvidence( ImageReport_g1_s1_t1 , Others); 
defineEvidence( TemperatureReport_g1_s1_t1 , 94.44410178490091); 
defineEvidence( SizeReport_g1_s1_t1 , 4.056497157173938); 
defineEvidence( RegionTypeReport_g1_s1_t1 , offroad); 
defineEvidence( DistanceToSensor_g1_s1_t1 , Short); 
","TargetType_g1: Others
Mission_g1_t2: Others
Activity_g1_t2: HeadingToOthers
Latitude_g1_t2: 20.780022145282253
Longitude_g1_t2: 64.86499823020021
Altitude_g1_t2: 529.9784255415912
"
"3.250358699202294E-4","7.5845852723586E-4","0.049631052909623004","1.951443102617173","0.8161205460381623","0.9494463909354167","9998","302","7.0","defineEvidence( LatitudeReport_g1_s1_t1 , 23.616828119379615); 
defineEvidence( LongitudeReport_g1_s1_t1 , 66.23345074984474); 
defineEvidence( AltitudeReport_g1_s1_t1 , 528.3973917136528); 
defineEvidence( DistanceToCIReport_g1_s1_t1 , 898.1267633376201); 
defineEvidence( DirectionToCIReport_g1_s1_t1 , 120.70166836222664); 
defineEvidence( ImageReport_g1_s1_t1 , Others); 
defineEvidence( TemperatureReport_g1_s1_t1 , 94.44410178490091); 
defineEvidence( SizeReport_g1_s1_t1 , 4.056497157173938); 
defineEvidence( RegionTypeReport_g1_s1_t1 , offroad); 
defineEvidence( DistanceToSensor_g1_s1_t1 , Short); 
","TargetType_g1: Others
Mission_g1_t2: Others
Activity_g1_t2: HeadingToOthers
Latitude_g1_t2: 20.780022145282253
Longitude_g1_t2: 64.86499823020021
Altitude_g1_t2: 529.9784255415912
"
"3.250358699202294E-4","7.5845852723586E-4","0.049631052909623004","1.951443102617173","0.8161205460381623","0.9494463909354167","10000","302","7.0","defineEvidence( LatitudeReport_g1_s1_t1 , 23.616828119379615); 
defineEvidence( LongitudeReport_g1_s1_t1 , 66.23345074984474); 
defineEvidence( AltitudeReport_g1_s1_t1 , 528.3973917136528); 
defineEvidence( DistanceToCIReport_g1_s1_t1 , 898.1267633376201); 
defineEvidence( DirectionToCIReport_g1_s1_t1 , 120.70166836222664); 
defineEvidence( ImageReport_g1_s1_t1 , Others); 
defineEvidence( TemperatureReport_g1_s1_t1 , 94.44410178490091); 
defineEvidence( SizeReport_g1_s1_t1 , 4.056497157173938); 
defineEvidence( RegionTypeReport_g1_s1_t1 , offroad); 
defineEvidence( DistanceToSensor_g1_s1_t1 , Short); 
","TargetType_g1: Others
Mission_g1_t2: Others
Activity_g1_t2: HeadingToOthers
Latitude_g1_t2: 20.780022145282253
Longitude_g1_t2: 64.86499823020021
Altitude_g1_t2: 529.9784255415912
"
"3.2560430865802547E-4","7.601660847374682E-4","0.04964114085770814","1.9514429957092503","0.8161205055169314","0.9494463925043841","10093","302","7.0","defineEvidence( LatitudeReport_g1_s1_t1 , 23.616828119379615); 
defineEvidence( LongitudeReport_g1_s1_t1 , 66.23345074984474); 
defineEvidence( AltitudeReport_g1_s1_t1 , 528.3973917136528); 
defineEvidence( DistanceToCIReport_g1_s1_t1 , 898.1267633376201); 
defineEvidence( DirectionToCIReport_g1_s1_t1 , 120.70166836222664); 
defineEvidence( ImageReport_g1_s1_t1 , Others); 
defineEvidence( TemperatureReport_g1_s1_t1 , 97.83852054411247); 
defineEvidence( SizeReport_g1_s1_t1 , -0.23266553651491084); 
defineEvidence( RegionTypeReport_g1_s1_t1 , offroad); 
defineEvidence( DistanceToSensor_g1_s1_t1 , Short); 
","TargetType_g1: Others
Mission_g1_t2: Others
Activity_g1_t2: HeadingToOthers
Latitude_g1_t2: 20.780022145282253
Longitude_g1_t2: 64.86499823020021
Altitude_g1_t2: 529.9784255415912
"
"0.0068062567454243526","0.015872473934375034","1.3282429571687573","0.6707001868227329","1.5222919831321031","0.4381420930633351","12560","302","9.0","defineEvidence( LatitudeReport_g1_s1_t1 , 25.013674782865124); 
defineEvidence( LongitudeReport_g1_s1_t1 , 62.84447363230711); 
defineEvidence( AltitudeReport_g1_s1_t1 , 925.2668874656049); 
defineEvidence( DistanceToCIReport_g1_s1_t1 , 1039.090719643167); 
defineEvidence( DirectionToCIReport_g1_s1_t1 , 138.0826269855514); 
defineEvidence( ImageReport_g1_s1_t1 , CommercialWheeled); 
defineEvidence( TemperatureReport_g1_s1_t1 , 99.66007354680116); 
defineEvidence( SizeReport_g1_s1_t1 , -0.9662603428635856); 
defineEvidence( RegionTypeReport_g1_s1_t1 , offroad); 
defineEvidence( DistanceToSensor_g1_s1_t1 , Mid); 
","TargetType_g1: Others
Mission_g1_t2: Others
Activity_g1_t2: Staying
Latitude_g1_t2: 23.947588516739042
Longitude_g1_t2: 65.22796022602535
Altitude_g1_t2: 925.0145728849011
"
"0.0068062567454243526","0.015872473934375034","1.3282429571687573","2.3562236679466726","0.6151611004843909","0.5126655894288517","12582","302","9.0","defineEvidence( LatitudeReport_g1_s1_t1 , 20.599445246615602); 
defineEvidence( LongitudeReport_g1_s1_t1 , 64.2754763723683); 
defineEvidence( AltitudeReport_g1_s1_t1 , 924.3767665843624); 
defineEvidence( DistanceToCIReport_g1_s1_t1 , 1040.5093829241644); 
defineEvidence( DirectionToCIReport_g1_s1_t1 , 137.7709383477558); 
defineEvidence( ImageReport_g1_s1_t1 , CommercialWheeled); 
defineEvidence( TemperatureReport_g1_s1_t1 , 99.66007354680116); 
defineEvidence( SizeReport_g1_s1_t1 , -0.9662603428635856); 
defineEvidence( RegionTypeReport_g1_s1_t1 , offroad); 
defineEvidence( DistanceToSensor_g1_s1_t1 , Mid); 
","TargetType_g1: Others
Mission_g1_t2: Others
Activity_g1_t2: Staying
Latitude_g1_t2: 23.947588516739042
Longitude_g1_t2: 65.22796022602535
Altitude_g1_t2: 925.0145728849011
"
"4.909874606686669E-4","0.0011487601922597554","0.05157072808129419","1.2675339769493004","0.553075523580272","0.49930478766593145","12538","302","9.0","defineEvidence( LatitudeReport_g1_s1_t1 , 26.013732709353835); 
defineEvidence( LongitudeReport_g1_s1_t1 , 64.44298112120498); 
defineEvidence( AltitudeReport_g1_s1_t1 , 925.5989583996409); 
defineEvidence( DistanceToCIReport_g1_s1_t1 , 1037.9758722048362); 
defineEvidence( DirectionToCIReport_g1_s1_t1 , 90.96784068925804); 
defineEvidence( ImageReport_g1_s1_t1 , Others); 
defineEvidence( TemperatureReport_g1_s1_t1 , 97.01830191085344); 
defineEvidence( SizeReport_g1_s1_t1 , 0.544335274113233); 
defineEvidence( RegionTypeReport_g1_s1_t1 , offroad); 
defineEvidence( DistanceToSensor_g1_s1_t1 , Mid); 
","TargetType_g1: Others
Mission_g1_t2: Others
Activity_g1_t2: HeadingToOthers
Latitude_g1_t2: 23.947608248258675
Longitude_g1_t2: 65.22791451946303
Altitude_g1_t2: 925.0117412415632
"
"0.04723563431185495","0.09536393666489065","0.2023071533506634","0.9881298571595813","0.7094899688611754","0.9503279876387939","12394.74","301.89","8.8",,
"0.06530569104590671","0.26461075539399015","0.32688636213326655","0.447206354077816","0.1757892829056558","0.6498418783044332","5145952.456969697","0.8463636363636359","3.11111111111111",,
