VehicleType,
Tracked,
Wheeled,
Wheeled,
Wheeled,
Wheeled,
Wheeled,
Wheeled,
Tracked,
Wheeled,
Wheeled,
Wheeled,
Wheeled,
Wheeled,
Wheeled,
Wheeled,
Wheeled,
Wheeled,
Wheeled,
Tracked,
Wheeled,
Wheeled,
Wheeled,
Wheeled,
Wheeled,
Wheeled,
Tracked,
Tracked,
Wheeled,
Wheeled,
Tracked,
Wheeled,
Wheeled,
Wheeled,
Wheeled,
Wheeled,
Wheeled,
Tracked,
Wheeled,
Wheeled,
Wheeled,
Wheeled,
Wheeled,
Wheeled,
Wheeled,
Wheeled,
Wheeled,
Wheeled,
Wheeled,
Wheeled,
Wheeled,
Wheeled,
Wheeled,
Wheeled,
Wheeled,
Wheeled,
Wheeled,
Wheeled,
Wheeled,
Wheeled,
Wheeled,
Wheeled,
Wheeled,
Wheeled,
Tracked,
Wheeled,
Wheeled,
Wheeled,
Wheeled,
Wheeled,
Wheeled,
Wheeled,
Wheeled,
Wheeled,
Wheeled,
Wheeled,
Tracked,
Tracked,
Wheeled,
Wheeled,
Wheeled,
Wheeled,
Wheeled,
Wheeled,
Wheeled,
Wheeled,
Wheeled,
Wheeled,
Wheeled,
Wheeled,
Tracked,
Wheeled,
Wheeled,
Wheeled,
Wheeled,
Wheeled,
Wheeled,
Wheeled,
Wheeled,
Wheeled,
Wheeled,
Wheeled,
Wheeled,
Wheeled,
Wheeled,
Wheeled,
Wheeled,
Wheeled,
Wheeled,
Wheeled,
Wheeled,
Wheeled,
Wheeled,
Wheeled,
Wheeled,
Wheeled,
Tracked,
Wheeled,
Wheeled,
Wheeled,
Wheeled,
Wheeled,
Wheeled,
Wheeled,
Wheeled,
Wheeled,
Wheeled,
Wheeled,
Wheeled,
Wheeled,
Wheeled,
Wheeled,
Wheeled,
Wheeled,
Wheeled,
Wheeled,
Wheeled,
Wheeled,
Wheeled,
Wheeled,
Wheeled,
Tracked,
Wheeled,
Wheeled,
Wheeled,
Wheeled,
Wheeled,
Wheeled,
Wheeled,
Wheeled,
Wheeled,
Wheeled,
Tracked,
Wheeled,
Wheeled,
Wheeled,
Wheeled,
Wheeled,
Wheeled,
Wheeled,
Wheeled,
Wheeled,
Wheeled,
Wheeled,
Wheeled,
Tracked,
Wheeled,
Wheeled,
Wheeled,
Wheeled,
Wheeled,
Wheeled,
Wheeled,
Wheeled,
Wheeled,
Wheeled,
Wheeled,
Wheeled,
Wheeled,
Wheeled,
Wheeled,
Wheeled,
Wheeled,
Wheeled,
Tracked,
Wheeled,
Wheeled,
Tracked,
Wheeled,
Wheeled,
Wheeled,
Wheeled,
Wheeled,
Wheeled,
Wheeled,
Wheeled,
Tracked,
Wheeled,
Wheeled,
Wheeled,
Wheeled,
Wheeled,
Wheeled,
Wheeled,
Wheeled,
Wheeled,
Wheeled,
Wheeled,
Tracked,
Wheeled,
Wheeled,
Wheeled,
Wheeled,
Wheeled,
Wheeled,
Wheeled,
Wheeled,
Wheeled,
Wheeled,
Wheeled,
Wheeled,
Wheeled,
Wheeled,
Wheeled,
Wheeled,
Wheeled,
Wheeled,
Wheeled,
Wheeled,
Wheeled,
Wheeled,
Wheeled,
Wheeled,
Wheeled,
Wheeled,
Wheeled,
Wheeled,
Wheeled,
Wheeled,
Wheeled,
Tracked,
Wheeled,
Wheeled,
Wheeled,
Wheeled,
Wheeled,
Wheeled,
Wheeled,
Wheeled,
Wheeled,
Wheeled,
Wheeled,
Wheeled,
Wheeled,
Wheeled,
Tracked,
Wheeled,
Wheeled,
Wheeled,
Wheeled,
Wheeled,
Wheeled,
Wheeled,
Wheeled,
Wheeled,
Wheeled,
Wheeled,
Wheeled,
Wheeled,
Wheeled,
Wheeled,
Wheeled,
Wheeled,
Wheeled,
Wheeled,
Wheeled,
Wheeled,
Wheeled,
Wheeled,
Tracked,
Wheeled,
Wheeled,
Wheeled,
Wheeled,
Wheeled,
Wheeled,
Wheeled,
Wheeled,
Tracked,
Wheeled,
Wheeled,
Wheeled,
Wheeled,
Wheeled,
Wheeled,
Wheeled,
Wheeled,
Wheeled,
Wheeled,
Wheeled,
Wheeled,
Wheeled,
Wheeled,
Wheeled,
Tracked,
Wheeled,
Wheeled,
Tracked,
Wheeled,
Wheeled,
Wheeled,
Wheeled,
Wheeled,
Wheeled,
Wheeled,
Wheeled,
Wheeled,
Wheeled,
Wheeled,
Wheeled,
Wheeled,
Wheeled,
Wheeled,
Wheeled,
Wheeled,
Wheeled,
Wheeled,
Tracked,
Wheeled,
Tracked,
Tracked,
Wheeled,
Wheeled,
Wheeled,
Tracked,
Wheeled,
Wheeled,
Tracked,
Wheeled,
Wheeled,
Wheeled,
Tracked,
Wheeled,
Wheeled,
Wheeled,
Wheeled,
Wheeled,
Wheeled,
Wheeled,
Wheeled,
Wheeled,
Tracked,
Wheeled,
Wheeled,
Wheeled,
Wheeled,
Wheeled,
Wheeled,
Wheeled,
Wheeled,
Wheeled,
Wheeled,
Wheeled,
Wheeled,
Wheeled,
Wheeled,
Wheeled,
Wheeled,
Tracked,
Wheeled,
Wheeled,
Wheeled,
Tracked,
Wheeled,
Wheeled,
Wheeled,
Wheeled,
Wheeled,
Wheeled,
Wheeled,
Wheeled,
Tracked,
Wheeled,
Wheeled,
Wheeled,
Wheeled,
Wheeled,
Wheeled,
Wheeled,
Wheeled,
Wheeled,
Wheeled,
Wheeled,
Wheeled,
Wheeled,
Wheeled,
Wheeled,
Tracked,
Wheeled,
Wheeled,
Wheeled,
Wheeled,
Wheeled,
Wheeled,
Wheeled,
Wheeled,
Tracked,
Wheeled,
Wheeled,
Wheeled,
Wheeled,
Wheeled,
Wheeled,
Wheeled,
Wheeled,
Wheeled,
Wheeled,
Wheeled,
Wheeled,
Wheeled,
Wheeled,
Wheeled,
Wheeled,
Tracked,
Wheeled,
Wheeled,
Wheeled,
Wheeled,
Wheeled,
Wheeled,
Wheeled,
Wheeled,
Wheeled,
Wheeled,
Wheeled,
Wheeled,
Wheeled,
Tracked,
Wheeled,
Tracked,
Wheeled,
Wheeled,
Wheeled,
Wheeled,
Wheeled,
Tracked,
Tracked,
Wheeled,
Wheeled,
Wheeled,
Tracked,
Tracked,
Wheeled,
Wheeled,
Wheeled,
Wheeled,
Wheeled,
Wheeled,
Tracked,
Wheeled,
Wheeled,
Wheeled,
Wheeled,
Wheeled,
Wheeled,
Wheeled,
Wheeled,
Wheeled,
Wheeled,
Wheeled,
Wheeled,
Wheeled,
Wheeled,
Wheeled,
Wheeled,
Wheeled,
Wheeled,
Wheeled,
Wheeled,
Wheeled,
Wheeled,
Wheeled,
Wheeled,
Wheeled,
Wheeled,
Wheeled,
Wheeled,
Tracked,
Wheeled,
Wheeled,
Wheeled,
Wheeled,
Wheeled,
Wheeled,
Wheeled,
Wheeled,
Wheeled,
Tracked,
Wheeled,
Wheeled,
Wheeled,
Wheeled,
Wheeled,
Wheeled,
Wheeled,
Wheeled,
Wheeled,
Wheeled,
Wheeled,
Wheeled,
Tracked,
Wheeled,
Wheeled,
Tracked,
Wheeled,
Wheeled,
Wheeled,
Tracked,
Wheeled,
Wheeled,
Wheeled,
Tracked,
Wheeled,
Wheeled,
Wheeled,
Tracked,
Wheeled,
Wheeled,
Wheeled,
Wheeled,
Wheeled,
Wheeled,
Wheeled,
Wheeled,
Wheeled,
Wheeled,
Wheeled,
Wheeled,
Wheeled,
Wheeled,
Wheeled,
Wheeled,
Wheeled,
Wheeled,
Wheeled,
Wheeled,
Wheeled,
Wheeled,
Wheeled,
Wheeled,
Wheeled,
Wheeled,
Wheeled,
Wheeled,
Wheeled,
Wheeled,
Wheeled,
Wheeled,
Wheeled,
Wheeled,
Wheeled,
Tracked,
Wheeled,
Tracked,
Wheeled,
Wheeled,
Wheeled,
Wheeled,
Wheeled,
Wheeled,
Wheeled,
Wheeled,
Tracked,
Tracked,
Tracked,
Tracked,
Wheeled,
Wheeled,
Wheeled,
Tracked,
Tracked,
Tracked,
Wheeled,
Wheeled,
Wheeled,
Tracked,
Wheeled,
Wheeled,
Wheeled,
Wheeled,
Wheeled,
Wheeled,
Wheeled,
Wheeled,
Wheeled,
Wheeled,
Wheeled,
Tracked,
Tracked,
Wheeled,
Wheeled,
Tracked,
Tracked,
Wheeled,
Wheeled,
Wheeled,
Wheeled,
Wheeled,
Wheeled,
Tracked,
Wheeled,
Wheeled,
Wheeled,
Wheeled,
Wheeled,
Wheeled,
Tracked,
Wheeled,
Wheeled,
Wheeled,
Wheeled,
Wheeled,
Wheeled,
Wheeled,
Wheeled,
Wheeled,
Wheeled,
Wheeled,
Tracked,
Wheeled,
Wheeled,
Wheeled,
Wheeled,
Wheeled,
Tracked,
Tracked,
Wheeled,
Wheeled,
Tracked,
Wheeled,
Wheeled,
Wheeled,
Wheeled,
Wheeled,
Wheeled,
Wheeled,
Wheeled,
Wheeled,
Wheeled,
Tracked,
Wheeled,
Wheeled,
Wheeled,
Wheeled,
Wheeled,
Tracked,
Wheeled,
Wheeled,
Wheeled,
Wheeled,
Wheeled,
Wheeled,
Wheeled,
Wheeled,
Wheeled,
Wheeled,
Wheeled,
Wheeled,
Wheeled,
Tracked,
Wheeled,
Wheeled,
Tracked,
Wheeled,
Wheeled,
Wheeled,
Wheeled,
Wheeled,
Wheeled,
Wheeled,
Wheeled,
Wheeled,
Wheeled,
Wheeled,
Wheeled,
Wheeled,
Tracked,
Wheeled,
Wheeled,
Wheeled,
Tracked,
Wheeled,
Wheeled,
Wheeled,
Wheeled,
Wheeled,
Wheeled,
Wheeled,
Wheeled,
Wheeled,
Wheeled,
Wheeled,
Wheeled,
Wheeled,
Wheeled,
Wheeled,
Wheeled,
Tracked,
Wheeled,
Wheeled,
Wheeled,
Wheeled,
Wheeled,
Wheeled,
Wheeled,
Wheeled,
Wheeled,
Tracked,
Tracked,
Wheeled,
Wheeled,
Wheeled,
Wheeled,
Wheeled,
Wheeled,
Wheeled,
Wheeled,
Tracked,
Wheeled,
Tracked,
Wheeled,
Wheeled,
Tracked,
Wheeled,
Wheeled,
Wheeled,
Wheeled,
Wheeled,
Tracked,
Wheeled,
Wheeled,
Wheeled,
Wheeled,
Wheeled,
Wheeled,
Wheeled,
Wheeled,
Wheeled,
Tracked,
Wheeled,
Wheeled,
Wheeled,
Wheeled,
Wheeled,
Wheeled,
Wheeled,
Wheeled,
Wheeled,
Wheeled,
Wheeled,
Wheeled,
Wheeled,
Wheeled,
Wheeled,
Wheeled,
Wheeled,
Tracked,
Wheeled,
Wheeled,
Wheeled,
Wheeled,
Wheeled,
Wheeled,
Wheeled,
Wheeled,
Tracked,
Wheeled,
Tracked,
Wheeled,
Tracked,
Wheeled,
Wheeled,
Wheeled,
Wheeled,
Wheeled,
Wheeled,
Wheeled,
Wheeled,
Wheeled,
Wheeled,
Wheeled,
Wheeled,
Wheeled,
Wheeled,
Tracked,
Wheeled,
Wheeled,
Wheeled,
Wheeled,
Wheeled,
Wheeled,
Wheeled,
Wheeled,
Wheeled,
Wheeled,
Wheeled,
Wheeled,
Wheeled,
Wheeled,
Wheeled,
Wheeled,
Wheeled,
Wheeled,
Tracked,
Wheeled,
Wheeled,
Wheeled,
Wheeled,
Wheeled,
Wheeled,
Wheeled,
Wheeled,
Wheeled,
Wheeled,
Wheeled,
Tracked,
Wheeled,
Wheeled,
Wheeled,
Wheeled,
Wheeled,
Tracked,
Tracked,
Wheeled,
Wheeled,
Wheeled,
Wheeled,
Wheeled,
Wheeled,
Wheeled,
Tracked,
Wheeled,
Wheeled,
Wheeled,
Wheeled,
Wheeled,
Wheeled,
Wheeled,
Wheeled,
Wheeled,
Tracked,
Wheeled,
Wheeled,
Wheeled,
Wheeled,
Wheeled,
Wheeled,
Wheeled,
Wheeled,
Wheeled,
Wheeled,
Wheeled,
Wheeled,
Wheeled,
Wheeled,
Wheeled,
Tracked,
Tracked,
Wheeled,
Wheeled,
Wheeled,
Wheeled,
Wheeled,
Wheeled,
Wheeled,
Tracked,
Wheeled,
Wheeled,
Wheeled,
Wheeled,
Wheeled,
Wheeled,
Wheeled,
Wheeled,
Tracked,
Wheeled,
Wheeled,
Wheeled,
Wheeled,
Wheeled,
Tracked,
Wheeled,
Tracked,
Wheeled,
Wheeled,
Wheeled,
Wheeled,
Wheeled,
Tracked,
Wheeled,
Wheeled,
Tracked,
Wheeled,
Tracked,
Wheeled,
Wheeled,
Wheeled,
Wheeled,
Wheeled,
Wheeled,
Wheeled,
Wheeled,
Wheeled,
Wheeled,
Wheeled,
Tracked,
Wheeled,
Wheeled,
Tracked,
Wheeled,
Wheeled,
Wheeled,
Wheeled,
Wheeled,
Wheeled,
Wheeled,
Wheeled,
Wheeled,
Wheeled,
Wheeled,
Wheeled,
Wheeled,
Wheeled,
Wheeled,
Wheeled,
Wheeled,
Wheeled,
Wheeled,
Wheeled,
Tracked,
Wheeled,
Wheeled,
Wheeled,
Wheeled,
Wheeled,
Wheeled,
Wheeled,
Tracked,
Wheeled,
Wheeled,
Wheeled,
Wheeled,
Wheeled,
Wheeled,
Wheeled,
Wheeled,
Wheeled,
Wheeled,
Wheeled,
Wheeled,
Wheeled,
Wheeled,
Wheeled,
Wheeled,
Tracked,
Wheeled,
Wheeled,
Wheeled,
Tracked,
Wheeled,
Wheeled,
Wheeled,
Wheeled,
Wheeled,
Tracked,
Tracked,
Wheeled,
Wheeled,
Wheeled,
Wheeled,
Tracked,
Wheeled,
Wheeled,
Wheeled,
Wheeled,
Wheeled,
Wheeled,
Wheeled,
Wheeled,
Wheeled,
Wheeled,
Wheeled,
Wheeled,
Wheeled,
Wheeled,
Wheeled,
Wheeled,
Wheeled,
Wheeled,
Tracked,
Wheeled,
Wheeled,
Wheeled,
Tracked,
Wheeled,
Wheeled,
Wheeled,
Wheeled,
Wheeled,
Wheeled,
Wheeled,
Wheeled,
Wheeled,
Wheeled,
Wheeled,
Wheeled,
Tracked,
Wheeled,
Wheeled,
Tracked,
Wheeled,
Wheeled,
Wheeled,
Wheeled,
Wheeled,
Wheeled,
Wheeled,
Wheeled,
Wheeled,
Wheeled,
Wheeled,
Wheeled,
Wheeled,
Wheeled,
Wheeled,
Wheeled,
Wheeled,
Wheeled,
Wheeled,
Wheeled,
Wheeled,
Wheeled,
Wheeled,
Wheeled,
Wheeled,
Wheeled,
Wheeled,
Wheeled,
Wheeled,
Tracked,
Wheeled,
Wheeled,
Wheeled,
Wheeled,
Wheeled,
Wheeled,
Wheeled,
Wheeled,
Wheeled,
Wheeled,
Wheeled,
Wheeled,
Wheeled,
Wheeled,
Wheeled,
Wheeled,
Tracked,
Wheeled,
Tracked,
Wheeled,
Wheeled,
Wheeled,
Wheeled,
Wheeled,
Wheeled,
Wheeled,
Wheeled,
Wheeled,
Wheeled,
Wheeled,
Wheeled,
Wheeled,
Wheeled,
Wheeled,
Wheeled,
Wheeled,
Wheeled,
Wheeled,
Wheeled,
Wheeled,
Tracked,
Wheeled,
Wheeled,
Wheeled,
Wheeled,
Wheeled,
Wheeled,
Wheeled,
Wheeled,
Wheeled,
Wheeled,
Wheeled,
Wheeled,
Wheeled,
Wheeled,
Wheeled,
Wheeled,
Wheeled,
Wheeled,
Wheeled,
Wheeled,
Wheeled,
Wheeled,
Wheeled,
Tracked,
Wheeled,
Wheeled,
Tracked,
Wheeled,
Tracked,
Wheeled,
Wheeled,
Wheeled,
Wheeled,
Wheeled,
Wheeled,
Wheeled,
Wheeled,
Wheeled,
Wheeled,
Wheeled,
Tracked,
Wheeled,
Wheeled,
Wheeled,
Wheeled,
Wheeled,
Wheeled,
Wheeled,
Wheeled,
Wheeled,
Wheeled,
Wheeled,
Tracked,
Wheeled,
Wheeled,
Wheeled,
Wheeled,
Wheeled,
Wheeled,
Tracked,
Wheeled,
Wheeled,
Wheeled,
Wheeled,
Wheeled,
Wheeled,
Wheeled,
Wheeled,
Wheeled,
Wheeled,
Wheeled,
Wheeled,
Wheeled,
Wheeled,
Wheeled,
Wheeled,
Wheeled,
Wheeled,
Wheeled,
Wheeled,
Wheeled,
Wheeled,
Wheeled,
Wheeled,
Wheeled,
Wheeled,
Tracked,
Wheeled,
Wheeled,
Wheeled,
Wheeled,
Wheeled,
Wheeled,
Tracked,
Tracked,
Tracked,
Wheeled,
Wheeled,
Wheeled,
Wheeled,
Tracked,
Wheeled,
Wheeled,
Wheeled,
Wheeled,
Wheeled,
Wheeled,
Wheeled,
Wheeled,
Wheeled,
Wheeled,
Wheeled,
Wheeled,
Wheeled,
Wheeled,
Wheeled,
Wheeled,
Wheeled,
Tracked,
Wheeled,
Tracked,
Wheeled,
Wheeled,
Wheeled,
Wheeled,
Wheeled,
Wheeled,
Wheeled,
Wheeled,
Tracked,
Wheeled,
Wheeled,
Wheeled,
Wheeled,
Wheeled,
Wheeled,
Wheeled,
Wheeled,
Wheeled,
Wheeled,
Wheeled,
Wheeled,
Wheeled,
Wheeled,
Wheeled,
Wheeled,
Wheeled,
Wheeled,
Wheeled,
Wheeled,
Tracked,
Wheeled,
Wheeled,
Wheeled,
Wheeled,
Wheeled,
Wheeled,
Wheeled,
Wheeled,
Wheeled,
Wheeled,
Wheeled,
Wheeled,
Wheeled,
Wheeled,
Tracked,
Tracked,
Wheeled,
Wheeled,
Wheeled,
Wheeled,
Wheeled,
Wheeled,
Tracked,
Wheeled,
Wheeled,
Wheeled,
Wheeled,
Wheeled,
Tracked,
Wheeled,
Wheeled,
Tracked,
Wheeled,
Wheeled,
Wheeled,
Wheeled,
Wheeled,
Wheeled,
Wheeled,
Wheeled,
Wheeled,
Wheeled,
Wheeled,
Tracked,
Tracked,
Tracked,
Wheeled,
Wheeled,
Wheeled,
Tracked,
Wheeled,
Wheeled,
Wheeled,
Wheeled,
Wheeled,
Wheeled,
Wheeled,
Wheeled,
Wheeled,
Wheeled,
Wheeled,
Wheeled,
Wheeled,
Wheeled,
Wheeled,
Wheeled,
Wheeled,
Wheeled,
Wheeled,
Wheeled,
Wheeled,
Wheeled,
Tracked,
Wheeled,
Wheeled,
Wheeled,
Wheeled,
Wheeled,
Wheeled,
Wheeled,
Wheeled,
Wheeled,
Wheeled,
Wheeled,
Wheeled,
Wheeled,
Wheeled,
Wheeled,
Wheeled,
Wheeled,
Tracked,
Wheeled,
Tracked,
Wheeled,
Wheeled,
Wheeled,
Wheeled,
Wheeled,
Tracked,
Wheeled,
Wheeled,
Wheeled,
Wheeled,
Wheeled,
Wheeled,
Wheeled,
Wheeled,
Wheeled,
Wheeled,
Wheeled,
Wheeled,
Wheeled,
Wheeled,
Wheeled,
Wheeled,
Wheeled,
Wheeled,
Wheeled,
Wheeled,
Tracked,
Wheeled,
Wheeled,
Wheeled,
Wheeled,
Wheeled,
Wheeled,
Wheeled,
Tracked,
Wheeled,
Wheeled,
Wheeled,
Wheeled,
Wheeled,
Tracked,
Wheeled,
Wheeled,
Wheeled,
Wheeled,
Wheeled,
Wheeled,
Wheeled,
Wheeled,
Wheeled,
Wheeled,
Wheeled,
Wheeled,
Wheeled,
Wheeled,
Wheeled,
Wheeled,
Wheeled,
Wheeled,
Wheeled,
Wheeled,
Wheeled,
Wheeled,
Wheeled,
Wheeled,
Wheeled,
Wheeled,
Wheeled,
Wheeled,
Wheeled,
Wheeled,
Tracked,
Wheeled,
Wheeled,
Wheeled,
Wheeled,
Wheeled,
Wheeled,
Wheeled,
Wheeled,
Wheeled,
Tracked,
Tracked,
Tracked,
Wheeled,
Wheeled,
Wheeled,
Wheeled,
Tracked,
Wheeled,
Wheeled,
Wheeled,
Wheeled,
Wheeled,
Tracked,
Wheeled,
Wheeled,
Tracked,
Wheeled,
Wheeled,
Wheeled,
Wheeled,
Wheeled,
Tracked,
Wheeled,
Wheeled,
Wheeled,
Wheeled,
Wheeled,
Wheeled,
Wheeled,
Wheeled,
Wheeled,
Wheeled,
Wheeled,
Wheeled,
Wheeled,
Tracked,
Wheeled,
Wheeled,
Wheeled,
Wheeled,
Wheeled,
Wheeled,
Wheeled,
Wheeled,
Wheeled,
Wheeled,
Wheeled,
Wheeled,
Wheeled,
Wheeled,
Wheeled,
Wheeled,
Wheeled,
Wheeled,
Wheeled,
Wheeled,
Tracked,
Wheeled,
Wheeled,
Wheeled,
Wheeled,
Tracked,
Tracked,
Wheeled,
Wheeled,
Wheeled,
Wheeled,
Wheeled,
Wheeled,
Wheeled,
Wheeled,
Wheeled,
Wheeled,
Wheeled,
Wheeled,
Wheeled,
Wheeled,
Wheeled,
Wheeled,
Wheeled,
Wheeled,
Wheeled,
Wheeled,
Wheeled,
Wheeled,
Wheeled,
Wheeled,
Wheeled,
Wheeled,
Wheeled,
Wheeled,
Wheeled,
Wheeled,
Wheeled,
Wheeled,
Wheeled,
Wheeled,
Wheeled,
Wheeled,
Wheeled,
Wheeled,
Wheeled,
Wheeled,
Wheeled,
Wheeled,
Wheeled,
Wheeled,
Wheeled,
Wheeled,
Tracked,
Wheeled,
Wheeled,
Tracked,
Wheeled,
Wheeled,
Wheeled,
Wheeled,
Wheeled,
Wheeled,
Wheeled,
Wheeled,
Wheeled,
Wheeled,
Wheeled,
Wheeled,
Wheeled,
Wheeled,
Wheeled,
Wheeled,
Wheeled,
Wheeled,
Tracked,
Wheeled,
Wheeled,
Wheeled,
Wheeled,
Wheeled,
Wheeled,
Wheeled,
Wheeled,
Wheeled,
Wheeled,
Wheeled,
Wheeled,
Wheeled,
Wheeled,
Wheeled,
Tracked,
Wheeled,
Wheeled,
Wheeled,
Wheeled,
Wheeled,
Wheeled,
Wheeled,
Wheeled,
Wheeled,
Wheeled,
Wheeled,
Tracked,
Wheeled,
Wheeled,
Wheeled,
Wheeled,
Wheeled,
Wheeled,
Wheeled,
Wheeled,
Wheeled,
Wheeled,
Wheeled,
Wheeled,
Wheeled,
Wheeled,
Wheeled,
Wheeled,
Tracked,
Wheeled,
Wheeled,
Wheeled,
Wheeled,
Wheeled,
Wheeled,
Tracked,
Wheeled,
Wheeled,
Wheeled,
Wheeled,
Wheeled,
Wheeled,
Wheeled,
Wheeled,
Wheeled,
Wheeled,
Wheeled,
Wheeled,
Wheeled,
Wheeled,
Wheeled,
Wheeled,
Tracked,
Wheeled,
Wheeled,
Tracked,
Wheeled,
Wheeled,
Wheeled,
Wheeled,
Tracked,
Wheeled,
Wheeled,
Wheeled,
Tracked,
Tracked,
Wheeled,
Wheeled,
Wheeled,
Tracked,
Wheeled,
Wheeled,
Wheeled,
Wheeled,
Tracked,
Wheeled,
Wheeled,
Wheeled,
Wheeled,
Wheeled,
Wheeled,
Wheeled,
Tracked,
Wheeled,
Wheeled,
Wheeled,
Wheeled,
Wheeled,
Wheeled,
Wheeled,
Wheeled,
Wheeled,
Wheeled,
Wheeled,
Wheeled,
Wheeled,
Wheeled,
Wheeled,
Wheeled,
Wheeled,
Wheeled,
Wheeled,
Wheeled,
Wheeled,
Wheeled,
Wheeled,
Wheeled,
Wheeled,
Wheeled,
Wheeled,
Wheeled,
Wheeled,
Tracked,
Tracked,
Wheeled,
Wheeled,
Wheeled,
Wheeled,
Wheeled,
Wheeled,
Tracked,
Wheeled,
Wheeled,
Wheeled,
Wheeled,
Wheeled,
Wheeled,
Wheeled,
Wheeled,
Wheeled,
Wheeled,
Tracked,
Wheeled,
Wheeled,
Wheeled,
Wheeled,
Tracked,
Wheeled,
Wheeled,
Wheeled,
Wheeled,
Wheeled,
Wheeled,
Wheeled,
Wheeled,
Wheeled,
Wheeled,
Tracked,
Wheeled,
Wheeled,
Wheeled,
Tracked,
Wheeled,
Wheeled,
Wheeled,
Wheeled,
Wheeled,
Wheeled,
Wheeled,
Wheeled,
Wheeled,
Wheeled,
Wheeled,
Wheeled,
Wheeled,
Wheeled,
Wheeled,
Wheeled,
Wheeled,
Wheeled,
Wheeled,
Wheeled,
Wheeled,
Wheeled,
Tracked,
Wheeled,
Wheeled,
Wheeled,
Wheeled,
Wheeled,
Wheeled,
Wheeled,
Wheeled,
Wheeled,
Wheeled,
Wheeled,
Wheeled,
Wheeled,
Wheeled,
Wheeled,
Wheeled,
Wheeled,
Wheeled,
Wheeled,
Wheeled,
Wheeled,
Wheeled,
Wheeled,
Tracked,
Wheeled,
Wheeled,
Wheeled,
Wheeled,
Tracked,
Wheeled,
Wheeled,
Wheeled,
Wheeled,
Wheeled,
Wheeled,
Tracked,
Wheeled,
Wheeled,
Wheeled,
Wheeled,
Wheeled,
Wheeled,
Wheeled,
Tracked,
Wheeled,
Wheeled,
Wheeled,
Wheeled,
Wheeled,
Wheeled,
Wheeled,
Wheeled,
Wheeled,
Wheeled,
Wheeled,
Wheeled,
Wheeled,
Wheeled,
Wheeled,
Wheeled,
Wheeled,
Wheeled,
Wheeled,
Wheeled,
Wheeled,
Wheeled,
Wheeled,
Wheeled,
Wheeled,
Wheeled,
Wheeled,
Wheeled,
Wheeled,
Wheeled,
Wheeled,
Wheeled,
Wheeled,
Wheeled,
Wheeled,
Tracked,
Wheeled,
Wheeled,
Wheeled,
Wheeled,
Wheeled,
Wheeled,
Wheeled,
Wheeled,
Wheeled,
Wheeled,
Wheeled,
Wheeled,
Wheeled,
Tracked,
Wheeled,
Wheeled,
Wheeled,
Wheeled,
Wheeled,
Wheeled,
Wheeled,
Wheeled,
Wheeled,
Wheeled,
Wheeled,
Wheeled,
Wheeled,
Wheeled,
Wheeled,
Tracked,
Tracked,
Tracked,
Wheeled,
Wheeled,
Wheeled,
Wheeled,
Wheeled,
Wheeled,
Wheeled,
Wheeled,
Wheeled,
Wheeled,
Wheeled,
Wheeled,
Wheeled,
Wheeled,
Wheeled,
Wheeled,
Wheeled,
Wheeled,
Wheeled,
Wheeled,
Wheeled,
Wheeled,
Wheeled,
Wheeled,
Tracked,
Wheeled,
Wheeled,
Wheeled,
Tracked,
Wheeled,
Wheeled,
Wheeled,
Wheeled,
Wheeled,
Wheeled,
Wheeled,
Wheeled,
Tracked,
Wheeled,
Wheeled,
Wheeled,
Wheeled,
Wheeled,
Wheeled,
Wheeled,
Wheeled,
Wheeled,
Wheeled,
Wheeled,
Wheeled,
Wheeled,
Wheeled,
Wheeled,
Wheeled,
Tracked,
Wheeled,
Wheeled,
Wheeled,
Tracked,
Wheeled,
Wheeled,
Wheeled,
Wheeled,
Wheeled,
Wheeled,
Wheeled,
Wheeled,
Wheeled,
Wheeled,
Wheeled,
Wheeled,
Wheeled,
Wheeled,
Wheeled,
Wheeled,
Wheeled,
Tracked,
Wheeled,
Wheeled,
Tracked,
Wheeled,
Tracked,
Wheeled,
Wheeled,
Wheeled,
Wheeled,
Wheeled,
Wheeled,
Wheeled,
Wheeled,
Wheeled,
Wheeled,
Wheeled,
Wheeled,
Tracked,
Wheeled,
Wheeled,
Wheeled,
Wheeled,
Wheeled,
Wheeled,
Tracked,
Wheeled,
Wheeled,
Wheeled,
Wheeled,
Tracked,
Wheeled,
Wheeled,
Wheeled,
Wheeled,
Wheeled,
Wheeled,
Wheeled,
Wheeled,
Wheeled,
Wheeled,
Wheeled,
Wheeled,
Wheeled,
Wheeled,
Tracked,
Wheeled,
Wheeled,
Wheeled,
Wheeled,
Wheeled,
Tracked,
Wheeled,
Tracked,
Wheeled,
Wheeled,
Wheeled,
Wheeled,
Wheeled,
Wheeled,
Wheeled,
Wheeled,
Tracked,
Wheeled,
Wheeled,
Wheeled,
Wheeled,
Tracked,
Wheeled,
Wheeled,
Wheeled,
Wheeled,
Tracked,
Wheeled,
Wheeled,
Wheeled,
Wheeled,
Tracked,
Wheeled,
Wheeled,
Wheeled,
Wheeled,
Wheeled,
Wheeled,
Wheeled,
Wheeled,
Wheeled,
Wheeled,
Wheeled,
Wheeled,
Wheeled,
Wheeled,
Wheeled,
Wheeled,
Wheeled,
Wheeled,
Wheeled,
Wheeled,
Wheeled,
Wheeled,
Wheeled,
Wheeled,
Wheeled,
Tracked,
Wheeled,
Wheeled,
Wheeled,
Wheeled,
Wheeled,
Tracked,
Wheeled,
Wheeled,
Wheeled,
Wheeled,
Wheeled,
Wheeled,
Wheeled,
Wheeled,
Wheeled,
Wheeled,
Wheeled,
Wheeled,
Wheeled,
Wheeled,
Wheeled,
Wheeled,
Tracked,
Tracked,
Wheeled,
Wheeled,
Wheeled,
Wheeled,
Wheeled,
Wheeled,
Wheeled,
Wheeled,
Wheeled,
Wheeled,
Tracked,
Wheeled,
Wheeled,
Tracked,
Wheeled,
Wheeled,
Wheeled,
Wheeled,
Wheeled,
Wheeled,
Wheeled,
Wheeled,
Wheeled,
Wheeled,
Wheeled,
Wheeled,
Wheeled,
Wheeled,
Wheeled,
Wheeled,
Wheeled,
Wheeled,
Wheeled,
Tracked,
Wheeled,
Wheeled,
Tracked,
Tracked,
Wheeled,
Tracked,
Wheeled,
Wheeled,
Wheeled,
Wheeled,
Wheeled,
Wheeled,
Wheeled,
Wheeled,
Wheeled,
Wheeled,
Wheeled,
Wheeled,
Wheeled,
Wheeled,
Wheeled,
Wheeled,
Wheeled,
Wheeled,
Wheeled,
Wheeled,
Wheeled,
Wheeled,
Wheeled,
Wheeled,
Wheeled,
Wheeled,
Wheeled,
Wheeled,
Wheeled,
Tracked,
Wheeled,
Wheeled,
Wheeled,
Wheeled,
Wheeled,
Wheeled,
Wheeled,
Wheeled,
Tracked,
Wheeled,
Wheeled,
Wheeled,
Tracked,
Wheeled,
Wheeled,
Wheeled,
Wheeled,
Wheeled,
Wheeled,
Wheeled,
Wheeled,
Wheeled,
Wheeled,
Wheeled,
Wheeled,
Wheeled,
Wheeled,
Wheeled,
Wheeled,
Wheeled,
Wheeled,
Wheeled,
Wheeled,
Wheeled,
Wheeled,
Tracked,
Wheeled,
Wheeled,
Tracked,
Wheeled,
Wheeled,
Wheeled,
Wheeled,
Wheeled,
Wheeled,
Wheeled,
Wheeled,
Wheeled,
Wheeled,
Wheeled,
Wheeled,
Wheeled,
Tracked,
Wheeled,
Wheeled,
Wheeled,
Wheeled,
Wheeled,
Wheeled,
Wheeled,
Wheeled,
Wheeled,
Tracked,
Wheeled,
Wheeled,
Wheeled,
Wheeled,
Wheeled,
Wheeled,
Wheeled,
Wheeled,
Wheeled,
Wheeled,
Wheeled,
Wheeled,
Wheeled,
Wheeled,
Wheeled,
Wheeled,
Wheeled,
Wheeled,
Wheeled,
Wheeled,
Wheeled,
Wheeled,
Wheeled,
Wheeled,
Wheeled,
Wheeled,
Wheeled,
Wheeled,
Wheeled,
Wheeled,
Wheeled,
Wheeled,
Wheeled,
Wheeled,
Wheeled,
Wheeled,
Wheeled,
Wheeled,
Wheeled,
Tracked,
Wheeled,
Wheeled,
Wheeled,
Wheeled,
Wheeled,
Wheeled,
Wheeled,
Wheeled,
Tracked,
Wheeled,
Wheeled,
Wheeled,
Wheeled,
Wheeled,
Wheeled,
Wheeled,
Wheeled,
Wheeled,
Wheeled,
Wheeled,
Wheeled,
Wheeled,
Wheeled,
Wheeled,
Wheeled,
Wheeled,
Wheeled,
Wheeled,
Wheeled,
Wheeled,
Tracked,
Wheeled,
Wheeled,
Wheeled,
Wheeled,
Wheeled,
Wheeled,
Tracked,
Wheeled,
Wheeled,
Wheeled,
Wheeled,
Tracked,
Wheeled,
Wheeled,
Tracked,
Tracked,
Wheeled,
Wheeled,
Wheeled,
Tracked,
Wheeled,
Wheeled,
Wheeled,
Wheeled,
Wheeled,
Wheeled,
Wheeled,
Wheeled,
Wheeled,
Wheeled,
Wheeled,
Wheeled,
Wheeled,
Wheeled,
Wheeled,
Tracked,
Wheeled,
Wheeled,
Wheeled,
Wheeled,
Wheeled,
Wheeled,
Wheeled,
Wheeled,
Wheeled,
Wheeled,
Wheeled,
Wheeled,
Wheeled,
Wheeled,
Wheeled,
Tracked,
Tracked,
Wheeled,
Tracked,
Wheeled,
Wheeled,
Wheeled,
Wheeled,
Wheeled,
Wheeled,
Wheeled,
Wheeled,
Wheeled,
Wheeled,
Tracked,
Wheeled,
Wheeled,
Wheeled,
Wheeled,
Wheeled,
Wheeled,
Wheeled,
Wheeled,
Wheeled,
Wheeled,
Wheeled,
Wheeled,
Wheeled,
Wheeled,
Wheeled,
Wheeled,
Wheeled,
Tracked,
Wheeled,
Tracked,
Wheeled,
Wheeled,
Wheeled,
Wheeled,
Wheeled,
Wheeled,
Wheeled,
Wheeled,
Wheeled,
Wheeled,
Wheeled,
Wheeled,
Wheeled,
Wheeled,
Wheeled,
Wheeled,
Wheeled,
Wheeled,
Wheeled,
Wheeled,
Wheeled,
Wheeled,
Wheeled,
Tracked,
Wheeled,
Wheeled,
Wheeled,
Wheeled,
Wheeled,
Wheeled,
Wheeled,
Wheeled,
Wheeled,
Wheeled,
Wheeled,
Tracked,
Wheeled,
Wheeled,
Wheeled,
Tracked,
Wheeled,
Wheeled,
Wheeled,
Wheeled,
Wheeled,
Wheeled,
Wheeled,
Wheeled,
Wheeled,
Wheeled,
Wheeled,
Wheeled,
Wheeled,
Wheeled,
Wheeled,
Wheeled,
Wheeled,
Wheeled,
Wheeled,
Wheeled,
Wheeled,
Wheeled,
Wheeled,
Wheeled,
Wheeled,
Wheeled,
Wheeled,
Wheeled,
Wheeled,
Wheeled,
Wheeled,
Wheeled,
Wheeled,
Wheeled,
Wheeled,
Wheeled,
Wheeled,
Wheeled,
Tracked,
Wheeled,
Wheeled,
Wheeled,
Wheeled,
Wheeled,
Wheeled,
Wheeled,
Wheeled,
Wheeled,
Wheeled,
Wheeled,
Wheeled,
Tracked,
Wheeled,
Wheeled,
Wheeled,
Wheeled,
Wheeled,
Wheeled,
Wheeled,
Wheeled,
Wheeled,
Wheeled,
Wheeled,
Wheeled,
Wheeled,
Wheeled,
Wheeled,
Wheeled,
Wheeled,
Wheeled,
Wheeled,
Wheeled,
Wheeled,
Wheeled,
Wheeled,
Wheeled,
Wheeled,
Wheeled,
Tracked,
Wheeled,
Wheeled,
Wheeled,
Wheeled,
Wheeled,
Wheeled,
Wheeled,
Wheeled,
Wheeled,
Wheeled,
Tracked,
Wheeled,
Wheeled,
Tracked,
Wheeled,
Wheeled,
Wheeled,
Wheeled,
Wheeled,
Wheeled,
Wheeled,
Wheeled,
Wheeled,
Wheeled,
Wheeled,
Wheeled,
Wheeled,
Wheeled,
Wheeled,
Wheeled,
Wheeled,
Tracked,
Wheeled,
Wheeled,
Wheeled,
Tracked,
Wheeled,
Wheeled,
Wheeled,
Tracked,
Wheeled,
Tracked,
Wheeled,
Wheeled,
Wheeled,
Wheeled,
Wheeled,
Wheeled,
Wheeled,
Wheeled,
Wheeled,
Wheeled,
Wheeled,
Wheeled,
Wheeled,
Wheeled,
Wheeled,
Wheeled,
Wheeled,
Wheeled,
Wheeled,
Wheeled,
Wheeled,
Wheeled,
Wheeled,
Wheeled,
Wheeled,
Wheeled,
Tracked,
Wheeled,
Wheeled,
Wheeled,
Wheeled,
Wheeled,
Wheeled,
Wheeled,
Wheeled,
Wheeled,
Wheeled,
Wheeled,
Wheeled,
Wheeled,
Wheeled,
Wheeled,
Wheeled,
Wheeled,
Wheeled,
Wheeled,
Wheeled,
Wheeled,
Wheeled,
Wheeled,
Wheeled,
Wheeled,
Wheeled,
Wheeled,
Wheeled,
Wheeled,
Wheeled,
Wheeled,
Wheeled,
Wheeled,
Wheeled,
Wheeled,
Wheeled,
Wheeled,
Wheeled,
Wheeled,
Wheeled,
Wheeled,
Wheeled,
Wheeled,
Wheeled,
Wheeled,
Wheeled,
Wheeled,
Wheeled,
Wheeled,
Wheeled,
Wheeled,
Wheeled,
Wheeled,
Wheeled,
Wheeled,
Wheeled,
Wheeled,
Wheeled,
Wheeled,
Wheeled,
Wheeled,
Wheeled,
Tracked,
Wheeled,
Wheeled,
Wheeled,
Wheeled,
Wheeled,
Tracked,
Wheeled,
Wheeled,
Wheeled,
Wheeled,
Wheeled,
Tracked,
Wheeled,
Wheeled,
Wheeled,
Wheeled,
Tracked,
Wheeled,
Wheeled,
Wheeled,
Wheeled,
Wheeled,
Wheeled,
Wheeled,
Wheeled,
Wheeled,
Wheeled,
Wheeled,
Wheeled,
Wheeled,
Wheeled,
Wheeled,
Wheeled,
Wheeled,
Wheeled,
Wheeled,
Wheeled,
Wheeled,
Wheeled,
Tracked,
Wheeled,
Wheeled,
Wheeled,
Wheeled,
Tracked,
Wheeled,
Tracked,
Wheeled,
Wheeled,
Wheeled,
Wheeled,
Wheeled,
Wheeled,
Wheeled,
Wheeled,
Wheeled,
Wheeled,
Wheeled,
Wheeled,
Wheeled,
Wheeled,
Wheeled,
Wheeled,
Wheeled,
Wheeled,
Tracked,
Wheeled,
Tracked,
Wheeled,
Tracked,
Tracked,
Wheeled,
Wheeled,
Wheeled,
Wheeled,
Wheeled,
Wheeled,
Wheeled,
Wheeled,
Wheeled,
Wheeled,
Wheeled,
Wheeled,
Wheeled,
Wheeled,
Wheeled,
Wheeled,
Wheeled,
Wheeled,
Wheeled,
Wheeled,
Wheeled,
Wheeled,
Wheeled,
Wheeled,
Wheeled,
Wheeled,
Wheeled,
Wheeled,
Wheeled,
Tracked,
Tracked,
Tracked,
Tracked,
Tracked,
Wheeled,
Wheeled,
Wheeled,
Wheeled,
Wheeled,
Wheeled,
Wheeled,
Wheeled,
Wheeled,
Wheeled,
Wheeled,
Tracked,
Wheeled,
Wheeled,
Wheeled,
Wheeled,
Wheeled,
Wheeled,
Wheeled,
Wheeled,
Wheeled,
Wheeled,
Wheeled,
Wheeled,
Wheeled,
Wheeled,
Wheeled,
Wheeled,
Wheeled,
Wheeled,
Wheeled,
Wheeled,
Wheeled,
Wheeled,
Wheeled,
Wheeled,
Tracked,
Wheeled,
Wheeled,
Wheeled,
Wheeled,
Wheeled,
Wheeled,
Wheeled,
Wheeled,
Wheeled,
Wheeled,
Wheeled,
Wheeled,
Wheeled,
Wheeled,
Wheeled,
Wheeled,
Wheeled,
Wheeled,
Wheeled,
Tracked,
Wheeled,
Wheeled,
Wheeled,
Wheeled,
Wheeled,
Wheeled,
Wheeled,
Wheeled,
Wheeled,
Wheeled,
Wheeled,
Wheeled,
Wheeled,
Wheeled,
Wheeled,
Wheeled,
Wheeled,
Wheeled,
Wheeled,
Wheeled,
Tracked,
Wheeled,
Wheeled,
Wheeled,
Wheeled,
Wheeled,
Wheeled,
Wheeled,
Tracked,
Tracked,
Wheeled,
Wheeled,
Wheeled,
Wheeled,
Wheeled,
Wheeled,
Wheeled,
Wheeled,
Wheeled,
Wheeled,
Wheeled,
Wheeled,
Wheeled,
Wheeled,
Wheeled,
Tracked,
Wheeled,
Wheeled,
Wheeled,
Wheeled,
Wheeled,
Wheeled,
Wheeled,
Wheeled,
Wheeled,
Wheeled,
Wheeled,
Tracked,
Wheeled,
Tracked,
Wheeled,
Tracked,
Tracked,
Wheeled,
Wheeled,
Wheeled,
Wheeled,
Wheeled,
Wheeled,
Wheeled,
Wheeled,
Wheeled,
Wheeled,
Wheeled,
Wheeled,
Wheeled,
Wheeled,
Wheeled,
Wheeled,
Wheeled,
Wheeled,
Wheeled,
Wheeled,
Wheeled,
Wheeled,
Wheeled,
Wheeled,
Wheeled,
Wheeled,
Wheeled,
Wheeled,
Wheeled,
Wheeled,
Wheeled,
Wheeled,
Wheeled,
Wheeled,
Wheeled,
Tracked,
Wheeled,
Wheeled,
Wheeled,
Wheeled,
Wheeled,
Wheeled,
Wheeled,
Wheeled,
Wheeled,
Wheeled,
Wheeled,
Tracked,
Wheeled,
Wheeled,
Tracked,
Wheeled,
Wheeled,
Wheeled,
Wheeled,
Wheeled,
Wheeled,
Wheeled,
Wheeled,
Wheeled,
Wheeled,
Wheeled,
Wheeled,
Wheeled,
Wheeled,
Wheeled,
Wheeled,
Tracked,
Wheeled,
Wheeled,
Tracked,
Tracked,
Wheeled,
Wheeled,
Wheeled,
Wheeled,
Wheeled,
Wheeled,
Wheeled,
Wheeled,
Wheeled,
Wheeled,
Wheeled,
Wheeled,
Wheeled,
Wheeled,
Wheeled,
Wheeled,
Wheeled,
Wheeled,
Tracked,
Wheeled,
Wheeled,
Wheeled,
Wheeled,
Wheeled,
Wheeled,
Wheeled,
Wheeled,
Wheeled,
Wheeled,
Wheeled,
Wheeled,
Wheeled,
Wheeled,
Wheeled,
Wheeled,
Wheeled,
Wheeled,
Wheeled,
Wheeled,
Wheeled,
Wheeled,
Wheeled,
Wheeled,
Wheeled,
Tracked,
Wheeled,
Wheeled,
Wheeled,
Wheeled,
Wheeled,
Wheeled,
Wheeled,
Wheeled,
Wheeled,
Wheeled,
Tracked,
Wheeled,
Wheeled,
Wheeled,
Wheeled,
Wheeled,
Wheeled,
Wheeled,
Wheeled,
Wheeled,
Wheeled,
Wheeled,
Wheeled,
Wheeled,
Wheeled,
Wheeled,
Wheeled,
Wheeled,
Wheeled,
Wheeled,
Wheeled,
Wheeled,
Wheeled,
Wheeled,
Wheeled,
Wheeled,
Wheeled,
Wheeled,
Wheeled,
Wheeled,
Wheeled,
Wheeled,
Tracked,
Wheeled,
Wheeled,
Tracked,
Wheeled,
Tracked,
Wheeled,
Wheeled,
Wheeled,
Wheeled,
Wheeled,
Wheeled,
Wheeled,
Wheeled,
Wheeled,
Wheeled,
Wheeled,
Wheeled,
Wheeled,
Wheeled,
Wheeled,
Tracked,
Wheeled,
Tracked,
Wheeled,
Wheeled,
Wheeled,
Wheeled,
Wheeled,
Wheeled,
Wheeled,
Wheeled,
Wheeled,
Wheeled,
Wheeled,
Wheeled,
Wheeled,
Wheeled,
Wheeled,
Wheeled,
Wheeled,
Wheeled,
Tracked,
Wheeled,
Wheeled,
Wheeled,
Wheeled,
Wheeled,
Wheeled,
Wheeled,
Wheeled,
Wheeled,
Wheeled,
Wheeled,
Wheeled,
Wheeled,
Wheeled,
Wheeled,
Wheeled,
Wheeled,
Wheeled,
Wheeled,
Wheeled,
Wheeled,
Wheeled,
Wheeled,
Tracked,
Wheeled,
Wheeled,
Wheeled,
Wheeled,
Tracked,
Wheeled,
Tracked,
Wheeled,
Tracked,
Wheeled,
Wheeled,
Wheeled,
Wheeled,
Wheeled,
Wheeled,
Wheeled,
Wheeled,
Wheeled,
Wheeled,
Wheeled,
Wheeled,
Wheeled,
Tracked,
Wheeled,
Wheeled,
Wheeled,
Wheeled,
Wheeled,
Wheeled,
Wheeled,
Wheeled,
Wheeled,
Wheeled,
Wheeled,
Wheeled,
Wheeled,
Tracked,
Wheeled,
Wheeled,
Wheeled,
Tracked,
Wheeled,
Wheeled,
Wheeled,
Wheeled,
Wheeled,
Wheeled,
Wheeled,
Wheeled,
Wheeled,
Wheeled,
Wheeled,
Tracked,
Wheeled,
Wheeled,
Wheeled,
Wheeled,
Wheeled,
Wheeled,
Wheeled,
Wheeled,
Wheeled,
Wheeled,
Wheeled,
Wheeled,
Wheeled,
Wheeled,
Wheeled,
Wheeled,
Wheeled,
Wheeled,
Wheeled,
Wheeled,
Wheeled,
Wheeled,
Wheeled,
Wheeled,
Wheeled,
Wheeled,
Wheeled,
Wheeled,
Wheeled,
Wheeled,
Wheeled,
Wheeled,
Wheeled,
Wheeled,
Tracked,
Wheeled,
Wheeled,
Wheeled,
Wheeled,
Wheeled,
Wheeled,
Wheeled,
Wheeled,
Tracked,
Wheeled,
Wheeled,
Wheeled,
Wheeled,
Wheeled,
Wheeled,
Wheeled,
Wheeled,
Wheeled,
Wheeled,
Wheeled,
Wheeled,
Wheeled,
Wheeled,
Tracked,
Wheeled,
Wheeled,
Wheeled,
Wheeled,
Wheeled,
Wheeled,
Wheeled,
Wheeled,
Wheeled,
Wheeled,
Wheeled,
Wheeled,
Wheeled,
Wheeled,
Wheeled,
Wheeled,
Wheeled,
Wheeled,
Wheeled,
Wheeled,
Wheeled,
Wheeled,
Wheeled,
Wheeled,
Wheeled,
Wheeled,
Wheeled,
Wheeled,
Wheeled,
Wheeled,
Wheeled,
Wheeled,
Wheeled,
Wheeled,
Wheeled,
Tracked,
Wheeled,
Wheeled,
Wheeled,
Wheeled,
Wheeled,
Wheeled,
Wheeled,
Wheeled,
Wheeled,
Wheeled,
Wheeled,
Wheeled,
Tracked,
Wheeled,
Wheeled,
Wheeled,
Wheeled,
Tracked,
Wheeled,
Wheeled,
Wheeled,
Wheeled,
Wheeled,
Wheeled,
Wheeled,
Wheeled,
Wheeled,
Wheeled,
Wheeled,
Wheeled,
Wheeled,
Wheeled,
Wheeled,
Wheeled,
Wheeled,
Wheeled,
Tracked,
Wheeled,
Wheeled,
Wheeled,
Wheeled,
Tracked,
Tracked,
Wheeled,
Wheeled,
Wheeled,
Wheeled,
Wheeled,
Wheeled,
Wheeled,
Wheeled,
Tracked,
Tracked,
Wheeled,
Wheeled,
Wheeled,
Wheeled,
Wheeled,
Wheeled,
Wheeled,
Wheeled,
Wheeled,
Wheeled,
Wheeled,
Wheeled,
Wheeled,
Wheeled,
Wheeled,
Wheeled,
Wheeled,
Tracked,
Wheeled,
Wheeled,
Wheeled,
Tracked,
Wheeled,
Tracked,
Wheeled,
Tracked,
Wheeled,
Wheeled,
Wheeled,
Tracked,
Wheeled,
Wheeled,
Tracked,
Wheeled,
Wheeled,
Wheeled,
Wheeled,
Tracked,
Wheeled,
Wheeled,
Wheeled,
Wheeled,
Tracked,
Wheeled,
Wheeled,
Wheeled,
Wheeled,
Wheeled,
Wheeled,
Wheeled,
Wheeled,
Tracked,
Tracked,
Wheeled,
Wheeled,
Wheeled,
Wheeled,
Wheeled,
Wheeled,
Wheeled,
Wheeled,
Wheeled,
Wheeled,
Wheeled,
Wheeled,
Wheeled,
Wheeled,
Wheeled,
Wheeled,
Wheeled,
Wheeled,
Wheeled,
Wheeled,
Wheeled,
Wheeled,
Wheeled,
Wheeled,
Wheeled,
Wheeled,
Tracked,
Wheeled,
Wheeled,
Wheeled,
Tracked,
Wheeled,
Wheeled,
Wheeled,
Wheeled,
Tracked,
Wheeled,
Wheeled,
Wheeled,
Wheeled,
Wheeled,
Wheeled,
Wheeled,
Wheeled,
Wheeled,
Wheeled,
Wheeled,
Wheeled,
Wheeled,
Wheeled,
Wheeled,
Wheeled,
Wheeled,
Wheeled,
Wheeled,
Wheeled,
Wheeled,
Wheeled,
Wheeled,
Wheeled,
Tracked,
Wheeled,
Wheeled,
Wheeled,
Wheeled,
Wheeled,
Wheeled,
Wheeled,
Wheeled,
Wheeled,
Wheeled,
Tracked,
Wheeled,
Wheeled,
Wheeled,
Wheeled,
Tracked,
Wheeled,
Wheeled,
Wheeled,
Wheeled,
Wheeled,
Wheeled,
Wheeled,
Tracked,
Wheeled,
Wheeled,
Wheeled,
Wheeled,
Tracked,
Wheeled,
Wheeled,
Wheeled,
Wheeled,
Wheeled,
Wheeled,
Wheeled,
Wheeled,
Wheeled,
Wheeled,
Wheeled,
Wheeled,
Wheeled,
Tracked,
Wheeled,
Wheeled,
Tracked,
Wheeled,
Wheeled,
Wheeled,
Tracked,
Wheeled,
Wheeled,
Wheeled,
Wheeled,
Wheeled,
Tracked,
Wheeled,
Wheeled,
Wheeled,
Wheeled,
Wheeled,
Wheeled,
Wheeled,
Wheeled,
Wheeled,
Wheeled,
Wheeled,
Wheeled,
Wheeled,
Tracked,
Wheeled,
Wheeled,
Tracked,
Wheeled,
Wheeled,
Wheeled,
Wheeled,
Wheeled,
Wheeled,
Wheeled,
Wheeled,
Wheeled,
Tracked,
Tracked,
Tracked,
Wheeled,
Wheeled,
Wheeled,
Tracked,
Wheeled,
Tracked,
Wheeled,
Wheeled,
Wheeled,
Wheeled,
Wheeled,
Wheeled,
Wheeled,
Wheeled,
Wheeled,
Wheeled,
Tracked,
Wheeled,
Wheeled,
Wheeled,
Wheeled,
Wheeled,
Wheeled,
Wheeled,
Wheeled,
Wheeled,
Wheeled,
Wheeled,
Wheeled,
Wheeled,
Wheeled,
Wheeled,
Wheeled,
Wheeled,
Wheeled,
Wheeled,
Wheeled,
Wheeled,
Wheeled,
Wheeled,
Wheeled,
Wheeled,
Wheeled,
Wheeled,
Wheeled,
Wheeled,
Wheeled,
Wheeled,
Wheeled,
Wheeled,
Wheeled,
Wheeled,
Wheeled,
Tracked,
Wheeled,
Wheeled,
Wheeled,
Wheeled,
Wheeled,
Tracked,
Wheeled,
Wheeled,
Wheeled,
Wheeled,
Wheeled,
Wheeled,
Wheeled,
Wheeled,
Wheeled,
Wheeled,
Wheeled,
Wheeled,
Wheeled,
Wheeled,
Tracked,
Wheeled,
Wheeled,
Wheeled,
Wheeled,
Wheeled,
Wheeled,
Wheeled,
Wheeled,
Wheeled,
Wheeled,
Wheeled,
Wheeled,
Wheeled,
Wheeled,
Wheeled,
Wheeled,
Wheeled,
Wheeled,
Tracked,
Tracked,
Wheeled,
Wheeled,
Wheeled,
Tracked,
Wheeled,
Wheeled,
Wheeled,
Wheeled,
Wheeled,
Tracked,
Wheeled,
Wheeled,
Wheeled,
Wheeled,
Tracked,
Tracked,
Wheeled,
Tracked,
Wheeled,
Wheeled,
Wheeled,
Wheeled,
Wheeled,
Wheeled,
Wheeled,
Wheeled,
Wheeled,
Wheeled,
Wheeled,
Wheeled,
Wheeled,
Wheeled,
Wheeled,
Wheeled,
Wheeled,
Wheeled,
Wheeled,
Wheeled,
Tracked,
Wheeled,
Wheeled,
Wheeled,
Wheeled,
Wheeled,
Wheeled,
Wheeled,
Wheeled,
Wheeled,
Wheeled,
Wheeled,
Wheeled,
Wheeled,
Wheeled,
Wheeled,
Wheeled,
Wheeled,
Wheeled,
Wheeled,
Tracked,
Wheeled,
Wheeled,
Wheeled,
Wheeled,
Wheeled,
Wheeled,
Wheeled,
Wheeled,
Wheeled,
Wheeled,
Wheeled,
Wheeled,
Wheeled,
Wheeled,
Wheeled,
Tracked,
Tracked,
Wheeled,
Tracked,
Wheeled,
Wheeled,
Wheeled,
Wheeled,
Wheeled,
Wheeled,
Wheeled,
Wheeled,
Wheeled,
Wheeled,
Wheeled,
Wheeled,
Tracked,
Wheeled,
Tracked,
Wheeled,
Tracked,
Wheeled,
Tracked,
Wheeled,
Wheeled,
Wheeled,
Wheeled,
Wheeled,
Tracked,
Tracked,
Wheeled,
Wheeled,
Wheeled,
Wheeled,
Wheeled,
Wheeled,
Tracked,
Wheeled,
Wheeled,
Wheeled,
Wheeled,
Wheeled,
Wheeled,
Wheeled,
Wheeled,
Wheeled,
Wheeled,
Tracked,
Wheeled,
Wheeled,
Wheeled,
Wheeled,
Wheeled,
Wheeled,
Wheeled,
Wheeled,
Tracked,
Tracked,
Wheeled,
Wheeled,
Wheeled,
Wheeled,
Tracked,
Tracked,
Tracked,
Wheeled,
Wheeled,
Wheeled,
Wheeled,
Wheeled,
Wheeled,
Wheeled,
Wheeled,
Tracked,
Wheeled,
Wheeled,
Wheeled,
Wheeled,
Tracked,
Wheeled,
Wheeled,
Wheeled,
Wheeled,
Tracked,
Wheeled,
Wheeled,
Wheeled,
Wheeled,
Wheeled,
Wheeled,
Wheeled,
Wheeled,
Wheeled,
Wheeled,
Wheeled,
Wheeled,
Wheeled,
Wheeled,
Wheeled,
Wheeled,
Wheeled,
Wheeled,
Tracked,
Wheeled,
Wheeled,
Wheeled,
Wheeled,
Wheeled,
Wheeled,
Wheeled,
Wheeled,
Wheeled,
Tracked,
Tracked,
Wheeled,
Wheeled,
Tracked,
Wheeled,
Wheeled,
Wheeled,
Wheeled,
Wheeled,
Wheeled,
Wheeled,
Wheeled,
Wheeled,
Wheeled,
Tracked,
Wheeled,
Wheeled,
Wheeled,
Wheeled,
Wheeled,
Tracked,
Tracked,
Wheeled,
Wheeled,
Wheeled,
Wheeled,
Wheeled,
Wheeled,
Wheeled,
Wheeled,
Tracked,
Wheeled,
Wheeled,
Wheeled,
Wheeled,
Wheeled,
Wheeled,
Wheeled,
Wheeled,
Wheeled,
Wheeled,
Wheeled,
Wheeled,
Wheeled,
Wheeled,
Wheeled,
Wheeled,
Wheeled,
Wheeled,
Wheeled,
Wheeled,
Tracked,
Wheeled,
Wheeled,
Tracked,
Tracked,
Wheeled,
Wheeled,
Wheeled,
Wheeled,
Wheeled,
Wheeled,
Tracked,
Wheeled,
Wheeled,
Wheeled,
Wheeled,
Wheeled,
Wheeled,
Wheeled,
Wheeled,
Wheeled,
Wheeled,
Wheeled,
Wheeled,
Wheeled,
Tracked,
Wheeled,
Wheeled,
Wheeled,
Wheeled,
Wheeled,
Tracked,
Wheeled,
Wheeled,
Wheeled,
Wheeled,
Wheeled,
Wheeled,
Wheeled,
Wheeled,
Wheeled,
Wheeled,
Wheeled,
Wheeled,
Wheeled,
Wheeled,
Wheeled,
Wheeled,
Wheeled,
Wheeled,
Wheeled,
Wheeled,
Wheeled,
Wheeled,
Wheeled,
Wheeled,
Tracked,
Wheeled,
Wheeled,
Wheeled,
Wheeled,
Wheeled,
Wheeled,
Wheeled,
Wheeled,
Wheeled,
Wheeled,
Wheeled,
Wheeled,
Wheeled,
Wheeled,
Tracked,
Tracked,
Wheeled,
Wheeled,
Wheeled,
Wheeled,
Wheeled,
Wheeled,
Wheeled,
Wheeled,
Wheeled,
Wheeled,
Wheeled,
Wheeled,
Tracked,
Wheeled,
Wheeled,
Wheeled,
Tracked,
Wheeled,
Wheeled,
Wheeled,
Wheeled,
Tracked,
Wheeled,
Wheeled,
Wheeled,
Wheeled,
Wheeled,
Wheeled,
Wheeled,
Tracked,
Wheeled,
Wheeled,
Wheeled,
Wheeled,
Wheeled,
Wheeled,
Wheeled,
Wheeled,
Wheeled,
Wheeled,
Wheeled,
Wheeled,
Wheeled,
Wheeled,
Wheeled,
Tracked,
Wheeled,
Tracked,
Wheeled,
Wheeled,
Wheeled,
Wheeled,
Wheeled,
Wheeled,
Wheeled,
Wheeled,
Wheeled,
Wheeled,
Wheeled,
Wheeled,
Wheeled,
Wheeled,
Wheeled,
Wheeled,
Wheeled,
Wheeled,
Wheeled,
Wheeled,
Wheeled,
Wheeled,
Wheeled,
Wheeled,
Wheeled,
Tracked,
Wheeled,
Wheeled,
Wheeled,
Wheeled,
Wheeled,
Wheeled,
Wheeled,
Wheeled,
Wheeled,
Wheeled,
Wheeled,
Wheeled,
Tracked,
Wheeled,
Wheeled,
Tracked,
Wheeled,
Wheeled,
Tracked,
Wheeled,
Wheeled,
Wheeled,
Wheeled,
Wheeled,
Wheeled,
Wheeled,
Wheeled,
Wheeled,
Wheeled,
Tracked,
Wheeled,
Wheeled,
Wheeled,
Wheeled,
Wheeled,
Wheeled,
Wheeled,
Wheeled,
Tracked,
Wheeled,
Wheeled,
Tracked,
Wheeled,
Wheeled,
Wheeled,
Wheeled,
Wheeled,
Wheeled,
Wheeled,
Wheeled,
Wheeled,
Wheeled,
Wheeled,
Wheeled,
Wheeled,
Wheeled,
Wheeled,
Wheeled,
Wheeled,
Wheeled,
Wheeled,
Wheeled,
Wheeled,
Wheeled,
Wheeled,
Wheeled,
Wheeled,
Wheeled,
Tracked,
Wheeled,
Wheeled,
Wheeled,
Wheeled,
Wheeled,
Wheeled,
Wheeled,
Wheeled,
Wheeled,
Wheeled,
Wheeled,
Wheeled,
Wheeled,
Wheeled,
Wheeled,
Wheeled,
Wheeled,
Wheeled,
Wheeled,
Wheeled,
Wheeled,
Wheeled,
Wheeled,
Wheeled,
Wheeled,
Wheeled,
Tracked,
Wheeled,
Wheeled,
Tracked,
Wheeled,
Wheeled,
Wheeled,
Wheeled,
Wheeled,
Wheeled,
Wheeled,
Wheeled,
Wheeled,
Wheeled,
Tracked,
Wheeled,
Wheeled,
Wheeled,
Wheeled,
Wheeled,
Wheeled,
Tracked,
Wheeled,
Wheeled,
Wheeled,
Wheeled,
Wheeled,
Wheeled,
Wheeled,
Tracked,
Wheeled,
Wheeled,
Wheeled,
Wheeled,
Wheeled,
Tracked,
Wheeled,
Wheeled,
Wheeled,
Wheeled,
Wheeled,
Wheeled,
Wheeled,
Wheeled,
Wheeled,
Wheeled,
Wheeled,
Wheeled,
Tracked,
Wheeled,
Wheeled,
Wheeled,
Wheeled,
Tracked,
Wheeled,
Tracked,
Wheeled,
Wheeled,
Wheeled,
Wheeled,
Wheeled,
Wheeled,
Wheeled,
Wheeled,
Wheeled,
Wheeled,
Tracked,
Wheeled,
Wheeled,
Wheeled,
Wheeled,
Wheeled,
Wheeled,
Wheeled,
Wheeled,
Wheeled,
Wheeled,
Tracked,
Wheeled,
Wheeled,
Tracked,
Wheeled,
Wheeled,
Wheeled,
Wheeled,
Wheeled,
Wheeled,
Tracked,
Wheeled,
Tracked,
Wheeled,
Wheeled,
Wheeled,
Wheeled,
Wheeled,
Wheeled,
Wheeled,
Wheeled,
Tracked,
Wheeled,
Tracked,
Wheeled,
Wheeled,
Wheeled,
Wheeled,
Wheeled,
Tracked,
Wheeled,
Wheeled,
Wheeled,
Wheeled,
Wheeled,
Wheeled,
Wheeled,
Wheeled,
Wheeled,
Wheeled,
Wheeled,
Tracked,
Wheeled,
Wheeled,
Wheeled,
Wheeled,
Wheeled,
Wheeled,
Wheeled,
Tracked,
Wheeled,
Wheeled,
Wheeled,
Tracked,
Wheeled,
Wheeled,
Wheeled,
Tracked,
Tracked,
Wheeled,
Wheeled,
Wheeled,
Wheeled,
Wheeled,
Wheeled,
Wheeled,
Wheeled,
Wheeled,
Wheeled,
Wheeled,
Wheeled,
Wheeled,
Wheeled,
Wheeled,
Wheeled,
Wheeled,
Wheeled,
Wheeled,
Wheeled,
Wheeled,
Wheeled,
Wheeled,
Wheeled,
Wheeled,
Wheeled,
Tracked,
Wheeled,
Wheeled,
Wheeled,
Wheeled,
Wheeled,
Tracked,
Wheeled,
Wheeled,
Wheeled,
Wheeled,
Wheeled,
Wheeled,
Wheeled,
Wheeled,
Wheeled,
Wheeled,
Wheeled,
Wheeled,
Wheeled,
Wheeled,
Wheeled,
Wheeled,
Wheeled,
Wheeled,
Wheeled,
Wheeled,
Wheeled,
Wheeled,
Wheeled,
Wheeled,
Wheeled,
Wheeled,
Wheeled,
Wheeled,
Wheeled,
Wheeled,
Tracked,
Wheeled,
Wheeled,
Wheeled,
Wheeled,
Wheeled,
Wheeled,
Wheeled,
Tracked,
Wheeled,
Wheeled,
Wheeled,
Wheeled,
Wheeled,
Wheeled,
Wheeled,
Tracked,
Tracked,
Tracked,
Wheeled,
Wheeled,
Wheeled,
Wheeled,
Wheeled,
Wheeled,
Wheeled,
Wheeled,
Wheeled,
Wheeled,
Wheeled,
Wheeled,
Wheeled,
Wheeled,
Wheeled,
Wheeled,
Tracked,
Wheeled,
Wheeled,
Wheeled,
Wheeled,
Wheeled,
Wheeled,
Wheeled,
Wheeled,
Wheeled,
Wheeled,
Wheeled,
Wheeled,
Wheeled,
Wheeled,
Wheeled,
Wheeled,
Wheeled,
Wheeled,
Tracked,
Wheeled,
Wheeled,
Wheeled,
Wheeled,
Wheeled,
Wheeled,
Wheeled,
Wheeled,
Wheeled,
Wheeled,
Wheeled,
Wheeled,
Wheeled,
Wheeled,
Wheeled,
Wheeled,
Wheeled,
Wheeled,
Wheeled,
Wheeled,
Wheeled,
Wheeled,
Tracked,
Wheeled,
Wheeled,
Wheeled,
Wheeled,
Wheeled,
Tracked,
Wheeled,
Wheeled,
Wheeled,
Wheeled,
Wheeled,
Wheeled,
Wheeled,
Wheeled,
Wheeled,
Wheeled,
Wheeled,
Wheeled,
Wheeled,
Wheeled,
Wheeled,
Wheeled,
Wheeled,
Wheeled,
Wheeled,
Wheeled,
Wheeled,
Wheeled,
Wheeled,
Wheeled,
Wheeled,
Wheeled,
Wheeled,
Wheeled,
Wheeled,
Wheeled,
Wheeled,
Wheeled,
Wheeled,
Wheeled,
Wheeled,
Tracked,
Wheeled,
Wheeled,
Wheeled,
Wheeled,
Wheeled,
Tracked,
Wheeled,
Wheeled,
Tracked,
Wheeled,
Wheeled,
Wheeled,
Wheeled,
Wheeled,
Wheeled,
Wheeled,
Wheeled,
Wheeled,
Wheeled,
Wheeled,
Wheeled,
Wheeled,
Wheeled,
Wheeled,
Wheeled,
Wheeled,
Wheeled,
Wheeled,
Wheeled,
Wheeled,
Wheeled,
Wheeled,
Wheeled,
Wheeled,
Tracked,
Wheeled,
Wheeled,
Tracked,
Wheeled,
Wheeled,
Wheeled,
Wheeled,
Wheeled,
Wheeled,
Wheeled,
Wheeled,
Wheeled,
Wheeled,
Wheeled,
Wheeled,
Wheeled,
Wheeled,
Tracked,
Wheeled,
Wheeled,
Tracked,
Wheeled,
Wheeled,
Wheeled,
Wheeled,
Wheeled,
Wheeled,
Wheeled,
Wheeled,
Wheeled,
Wheeled,
Wheeled,
Wheeled,
Wheeled,
Wheeled,
Tracked,
Wheeled,
Wheeled,
Wheeled,
Wheeled,
Wheeled,
Wheeled,
Wheeled,
Wheeled,
Wheeled,
Wheeled,
Wheeled,
Wheeled,
Wheeled,
Wheeled,
Wheeled,
Wheeled,
Wheeled,
Wheeled,
Wheeled,
Wheeled,
Wheeled,
Wheeled,
Tracked,
Wheeled,
Tracked,
Wheeled,
Wheeled,
Wheeled,
Wheeled,
Wheeled,
Wheeled,
Wheeled,
Wheeled,
Wheeled,
Wheeled,
Wheeled,
Tracked,
Wheeled,
Wheeled,
Wheeled,
Wheeled,
Wheeled,
Wheeled,
Wheeled,
Wheeled,
Wheeled,
Tracked,
Wheeled,
Tracked,
Tracked,
Wheeled,
Wheeled,
Wheeled,
Wheeled,
Wheeled,
Wheeled,
Wheeled,
Wheeled,
Wheeled,
Wheeled,
Wheeled,
Wheeled,
Wheeled,
Tracked,
Wheeled,
Wheeled,
Wheeled,
Wheeled,
Wheeled,
Wheeled,
Wheeled,
Wheeled,
Tracked,
Wheeled,
Wheeled,
Wheeled,
Wheeled,
Wheeled,
Wheeled,
Wheeled,
Wheeled,
Wheeled,
Wheeled,
Wheeled,
Wheeled,
Wheeled,
Wheeled,
Wheeled,
Wheeled,
Wheeled,
Wheeled,
Tracked,
Wheeled,
Wheeled,
Wheeled,
Wheeled,
Wheeled,
Wheeled,
Tracked,
Wheeled,
Wheeled,
Tracked,
Wheeled,
Tracked,
Wheeled,
Wheeled,
Wheeled,
Wheeled,
Wheeled,
Wheeled,
Wheeled,
Wheeled,
Wheeled,
Wheeled,
Wheeled,
Wheeled,
Wheeled,
Wheeled,
Tracked,
Wheeled,
Wheeled,
Tracked,
Wheeled,
Wheeled,
Wheeled,
Tracked,
Wheeled,
Wheeled,
Wheeled,
Wheeled,
Wheeled,
Wheeled,
Wheeled,
Wheeled,
Wheeled,
Wheeled,
Wheeled,
Tracked,
Wheeled,
Wheeled,
Wheeled,
Wheeled,
Wheeled,
Wheeled,
Wheeled,
Wheeled,
Wheeled,
Wheeled,
Wheeled,
Wheeled,
Wheeled,
Tracked,
Wheeled,
Wheeled,
Wheeled,
Tracked,
Wheeled,
Wheeled,
Tracked,
Wheeled,
Tracked,
Tracked,
Wheeled,
Wheeled,
Wheeled,
Wheeled,
Wheeled,
Wheeled,
Wheeled,
Wheeled,
Wheeled,
Wheeled,
Wheeled,
Wheeled,
Wheeled,
Wheeled,
Wheeled,
Wheeled,
Tracked,
Wheeled,
Tracked,
Wheeled,
Wheeled,
Wheeled,
Wheeled,
Wheeled,
Wheeled,
Wheeled,
Wheeled,
Wheeled,
Wheeled,
Wheeled,
Wheeled,
Wheeled,
Wheeled,
Wheeled,
Wheeled,
Wheeled,
Wheeled,
Tracked,
Tracked,
Wheeled,
Wheeled,
Wheeled,
Wheeled,
Wheeled,
Wheeled,
Wheeled,
Wheeled,
Wheeled,
Wheeled,
Wheeled,
Wheeled,
Wheeled,
Wheeled,
Wheeled,
Wheeled,
Wheeled,
Wheeled,
Tracked,
Wheeled,
Wheeled,
Wheeled,
Wheeled,
Wheeled,
Wheeled,
Tracked,
Wheeled,
Wheeled,
Wheeled,
Wheeled,
Wheeled,
Wheeled,
Wheeled,
Wheeled,
Wheeled,
Wheeled,
Wheeled,
Wheeled,
Wheeled,
Tracked,
Wheeled,
Wheeled,
Wheeled,
Tracked,
Wheeled,
Wheeled,
Wheeled,
Wheeled,
Wheeled,
Wheeled,
Wheeled,
Wheeled,
Wheeled,
Wheeled,
Wheeled,
Wheeled,
Wheeled,
Wheeled,
Wheeled,
Wheeled,
Wheeled,
Wheeled,
Wheeled,
Wheeled,
Wheeled,
Wheeled,
Tracked,
Wheeled,
Tracked,
Wheeled,
Wheeled,
Wheeled,
Tracked,
Wheeled,
Tracked,
Wheeled,
Wheeled,
Wheeled,
Wheeled,
Wheeled,
Wheeled,
Wheeled,
Wheeled,
Tracked,
Wheeled,
Wheeled,
Wheeled,
Wheeled,
Wheeled,
Wheeled,
Wheeled,
Wheeled,
Wheeled,
Wheeled,
Wheeled,
Tracked,
Wheeled,
Tracked,
Wheeled,
Tracked,
Wheeled,
Tracked,
Wheeled,
Wheeled,
Wheeled,
Wheeled,
Wheeled,
Wheeled,
Wheeled,
Wheeled,
Wheeled,
Wheeled,
Wheeled,
Wheeled,
Wheeled,
Tracked,
Wheeled,
Tracked,
Wheeled,
Wheeled,
Wheeled,
Wheeled,
Wheeled,
Wheeled,
Wheeled,
Wheeled,
Wheeled,
Tracked,
Wheeled,
Wheeled,
Wheeled,
Wheeled,
Wheeled,
Wheeled,
Wheeled,
Wheeled,
Wheeled,
Wheeled,
Wheeled,
Wheeled,
Wheeled,
Wheeled,
Wheeled,
Wheeled,
Wheeled,
Wheeled,
Wheeled,
Wheeled,
Tracked,
Wheeled,
Tracked,
Wheeled,
Wheeled,
Wheeled,
Wheeled,
Wheeled,
Wheeled,
Wheeled,
Wheeled,
Wheeled,
Wheeled,
Wheeled,
Wheeled,
Wheeled,
Wheeled,
Wheeled,
Wheeled,
Wheeled,
Wheeled,
Wheeled,
Wheeled,
Wheeled,
Wheeled,
Wheeled,
Wheeled,
Wheeled,
Wheeled,
Wheeled,
Wheeled,
Wheeled,
Wheeled,
Wheeled,
Wheeled,
Wheeled,
Wheeled,
Tracked,
Wheeled,
Wheeled,
Wheeled,
Wheeled,
Wheeled,
Wheeled,
Wheeled,
Wheeled,
Wheeled,
Wheeled,
Wheeled,
Wheeled,
Wheeled,
Wheeled,
Wheeled,
Wheeled,
Wheeled,
Wheeled,
Wheeled,
Wheeled,
Wheeled,
Wheeled,
Wheeled,
Tracked,
Tracked,
Wheeled,
Wheeled,
Wheeled,
Tracked,
Wheeled,
Wheeled,
Wheeled,
Wheeled,
Tracked,
Wheeled,
Wheeled,
Wheeled,
Tracked,
Tracked,
Tracked,
Wheeled,
Wheeled,
Wheeled,
Wheeled,
Wheeled,
Wheeled,
Wheeled,
Wheeled,
Wheeled,
Wheeled,
Wheeled,
Wheeled,
Wheeled,
Wheeled,
Wheeled,
Wheeled,
Wheeled,
Wheeled,
Wheeled,
Wheeled,
Wheeled,
Wheeled,
Wheeled,
Wheeled,
Wheeled,
Wheeled,
Wheeled,
Wheeled,
Wheeled,
Wheeled,
Wheeled,
Wheeled,
Tracked,
Wheeled,
Wheeled,
Wheeled,
Tracked,
Wheeled,
Wheeled,
Wheeled,
Wheeled,
Wheeled,
Wheeled,
Wheeled,
Wheeled,
Wheeled,
Wheeled,
Wheeled,
Wheeled,
Wheeled,
Wheeled,
Wheeled,
Wheeled,
Wheeled,
Wheeled,
Wheeled,
Wheeled,
Wheeled,
Wheeled,
Wheeled,
Wheeled,
Wheeled,
Wheeled,
Wheeled,
Wheeled,
Wheeled,
Wheeled,
Wheeled,
Tracked,
Wheeled,
Wheeled,
Wheeled,
Wheeled,
Tracked,
Wheeled,
Wheeled,
Wheeled,
Wheeled,
Wheeled,
Wheeled,
Wheeled,
Wheeled,
Wheeled,
Wheeled,
Wheeled,
Wheeled,
Tracked,
Wheeled,
Wheeled,
Wheeled,
Wheeled,
Wheeled,
Wheeled,
Wheeled,
Wheeled,
Wheeled,
Wheeled,
Wheeled,
Wheeled,
Tracked,
Wheeled,
Wheeled,
Wheeled,
Wheeled,
Wheeled,
Wheeled,
Wheeled,
Wheeled,
Wheeled,
Wheeled,
Tracked,
Wheeled,
Wheeled,
Wheeled,
Wheeled,
Wheeled,
Wheeled,
Wheeled,
Wheeled,
Wheeled,
Wheeled,
Wheeled,
Wheeled,
Wheeled,
Wheeled,
Wheeled,
Wheeled,
Wheeled,
Wheeled,
Wheeled,
Wheeled,
Wheeled,
Wheeled,
Wheeled,
Wheeled,
Wheeled,
Wheeled,
Wheeled,
Wheeled,
Wheeled,
Wheeled,
Wheeled,
Wheeled,
Wheeled,
Wheeled,
Wheeled,
Wheeled,
Wheeled,
Wheeled,
Wheeled,
Wheeled,
Wheeled,
Wheeled,
Wheeled,
Wheeled,
Wheeled,
Wheeled,
Wheeled,
Wheeled,
Wheeled,
Tracked,
Wheeled,
Wheeled,
Wheeled,
Tracked,
Wheeled,
Wheeled,
Wheeled,
Wheeled,
Wheeled,
Wheeled,
Wheeled,
Wheeled,
Wheeled,
Wheeled,
Wheeled,
Wheeled,
Wheeled,
Wheeled,
Wheeled,
Wheeled,
Wheeled,
Wheeled,
Wheeled,
Tracked,
Wheeled,
Wheeled,
Wheeled,
Wheeled,
Wheeled,
Wheeled,
Wheeled,
Wheeled,
Wheeled,
Wheeled,
Wheeled,
Wheeled,
Wheeled,
Wheeled,
Wheeled,
Tracked,
Wheeled,
Wheeled,
Tracked,
Wheeled,
Wheeled,
Wheeled,
Wheeled,
Wheeled,
Wheeled,
Wheeled,
Wheeled,
Wheeled,
Wheeled,
Wheeled,
Wheeled,
Wheeled,
Wheeled,
Wheeled,
Wheeled,
Tracked,
Wheeled,
Wheeled,
Wheeled,
Wheeled,
Wheeled,
Tracked,
Wheeled,
Wheeled,
Wheeled,
Wheeled,
Wheeled,
Wheeled,
Wheeled,
Wheeled,
Wheeled,
Wheeled,
Wheeled,
Wheeled,
Wheeled,
Wheeled,
Tracked,
Wheeled,
Wheeled,
Wheeled,
Wheeled,
Wheeled,
Tracked,
Wheeled,
Wheeled,
Wheeled,
Wheeled,
Wheeled,
Wheeled,
Wheeled,
Wheeled,
Wheeled,
Wheeled,
Wheeled,
Wheeled,
Wheeled,
Wheeled,
Wheeled,
Wheeled,
Wheeled,
Wheeled,
Wheeled,
Wheeled,
Wheeled,
Wheeled,
Wheeled,
Wheeled,
Wheeled,
Wheeled,
Wheeled,
Wheeled,
Wheeled,
Wheeled,
Wheeled,
Wheeled,
Wheeled,
Wheeled,
Wheeled,
Wheeled,
Wheeled,
Wheeled,
Wheeled,
Wheeled,
Tracked,
Wheeled,
Wheeled,
Wheeled,
Wheeled,
Wheeled,
Wheeled,
Wheeled,
Wheeled,
Wheeled,
Wheeled,
Wheeled,
Wheeled,
Wheeled,
Wheeled,
Wheeled,
Wheeled,
Wheeled,
Wheeled,
Wheeled,
Wheeled,
Wheeled,
Tracked,
Wheeled,
Wheeled,
Wheeled,
Wheeled,
Wheeled,
Wheeled,
Wheeled,
Wheeled,
Tracked,
Wheeled,
Wheeled,
Wheeled,
Wheeled,
Wheeled,
Wheeled,
Tracked,
Wheeled,
Wheeled,
Wheeled,
Wheeled,
Wheeled,
Wheeled,
Wheeled,
Wheeled,
Wheeled,
Wheeled,
Wheeled,
Wheeled,
Wheeled,
Wheeled,
Tracked,
Wheeled,
Wheeled,
Wheeled,
Wheeled,
Wheeled,
Wheeled,
Tracked,
Wheeled,
Wheeled,
Wheeled,
Wheeled,
Wheeled,
Wheeled,
Wheeled,
Wheeled,
Wheeled,
Wheeled,
Wheeled,
Wheeled,
Wheeled,
Wheeled,
Wheeled,
Wheeled,
Wheeled,
Wheeled,
Wheeled,
Wheeled,
Wheeled,
Wheeled,
Wheeled,
Wheeled,
Wheeled,
Wheeled,
Wheeled,
Wheeled,
Wheeled,
Wheeled,
Wheeled,
Wheeled,
Wheeled,
Tracked,
Wheeled,
Wheeled,
Wheeled,
Wheeled,
Wheeled,
Wheeled,
Wheeled,
Wheeled,
Wheeled,
Wheeled,
Wheeled,
Wheeled,
Wheeled,
Tracked,
Wheeled,
Wheeled,
Wheeled,
Wheeled,
Wheeled,
Wheeled,
Wheeled,
Wheeled,
Wheeled,
Wheeled,
Wheeled,
Wheeled,
Wheeled,
Wheeled,
Wheeled,
Wheeled,
Wheeled,
Wheeled,
Wheeled,
Tracked,
Wheeled,
Wheeled,
Wheeled,
Wheeled,
Wheeled,
Wheeled,
Wheeled,
Wheeled,
Tracked,
Wheeled,
Wheeled,
Wheeled,
Wheeled,
Wheeled,
Wheeled,
Wheeled,
Wheeled,
Wheeled,
Wheeled,
Wheeled,
Wheeled,
Wheeled,
Tracked,
Wheeled,
Wheeled,
Wheeled,
Wheeled,
Tracked,
Wheeled,
Wheeled,
Wheeled,
Wheeled,
Wheeled,
Wheeled,
Tracked,
Wheeled,
Wheeled,
Tracked,
Wheeled,
Wheeled,
Wheeled,
Wheeled,
Wheeled,
Wheeled,
Wheeled,
Wheeled,
Wheeled,
Tracked,
Wheeled,
Wheeled,
Wheeled,
Wheeled,
Wheeled,
Tracked,
Wheeled,
Tracked,
Tracked,
Wheeled,
Wheeled,
Wheeled,
Wheeled,
Wheeled,
Wheeled,
Wheeled,
Wheeled,
Tracked,
Wheeled,
Wheeled,
Wheeled,
Tracked,
Wheeled,
Wheeled,
Wheeled,
Wheeled,
Wheeled,
Tracked,
Wheeled,
Wheeled,
Wheeled,
Wheeled,
Wheeled,
Wheeled,
Wheeled,
Wheeled,
Wheeled,
Wheeled,
Wheeled,
Wheeled,
Wheeled,
Wheeled,
Wheeled,
Wheeled,
Wheeled,
Wheeled,
Tracked,
Wheeled,
Wheeled,
Wheeled,
Wheeled,
Tracked,
Wheeled,
Wheeled,
Wheeled,
Wheeled,
Wheeled,
Wheeled,
Wheeled,
Wheeled,
Wheeled,
Tracked,
Wheeled,
Wheeled,
Wheeled,
Wheeled,
Wheeled,
Wheeled,
Wheeled,
Tracked,
Wheeled,
Tracked,
Wheeled,
Wheeled,
Tracked,
Wheeled,
Wheeled,
Wheeled,
Tracked,
Wheeled,
Wheeled,
Wheeled,
Wheeled,
Wheeled,
Wheeled,
Wheeled,
Wheeled,
Wheeled,
Wheeled,
Wheeled,
Wheeled,
Wheeled,
Wheeled,
Wheeled,
Wheeled,
Wheeled,
Wheeled,
Wheeled,
Wheeled,
Wheeled,
Wheeled,
Wheeled,
Wheeled,
Wheeled,
Wheeled,
Tracked,
Wheeled,
Wheeled,
Wheeled,
Wheeled,
Tracked,
Wheeled,
Wheeled,
Tracked,
Wheeled,
Wheeled,
Wheeled,
Tracked,
Wheeled,
Wheeled,
Wheeled,
Tracked,
Wheeled,
Wheeled,
Wheeled,
Wheeled,
Wheeled,
Wheeled,
Wheeled,
Wheeled,
Wheeled,
Wheeled,
Wheeled,
Wheeled,
Wheeled,
Wheeled,
Wheeled,
Wheeled,
Wheeled,
Wheeled,
Wheeled,
Wheeled,
Wheeled,
Wheeled,
Wheeled,
Wheeled,
Wheeled,
Wheeled,
Wheeled,
Wheeled,
Wheeled,
Tracked,
Tracked,
Wheeled,
Tracked,
Wheeled,
Wheeled,
Wheeled,
Wheeled,
Wheeled,
Wheeled,
Wheeled,
Wheeled,
Wheeled,
Wheeled,
Wheeled,
Tracked,
Wheeled,
Tracked,
Wheeled,
Wheeled,
Wheeled,
Wheeled,
Wheeled,
Wheeled,
Wheeled,
Wheeled,
Wheeled,
Wheeled,
Wheeled,
Wheeled,
Wheeled,
Wheeled,
Wheeled,
Tracked,
Wheeled,
Wheeled,
Wheeled,
Tracked,
Wheeled,
Tracked,
Wheeled,
Wheeled,
Wheeled,
Wheeled,
Wheeled,
Wheeled,
Wheeled,
Wheeled,
Wheeled,
Wheeled,
Wheeled,
Wheeled,
Wheeled,
Wheeled,
Wheeled,
Wheeled,
Wheeled,
Wheeled,
Wheeled,
Wheeled,
Wheeled,
Wheeled,
Wheeled,
Wheeled,
Wheeled,
Wheeled,
Wheeled,
Wheeled,
Tracked,
Wheeled,
Tracked,
Wheeled,
Wheeled,
Wheeled,
Wheeled,
Wheeled,
Wheeled,
Wheeled,
Wheeled,
Wheeled,
Wheeled,
Wheeled,
Wheeled,
Wheeled,
Wheeled,
Wheeled,
Tracked,
Wheeled,
Wheeled,
Wheeled,
Wheeled,
Wheeled,
Wheeled,
Wheeled,
Wheeled,
Tracked,
Wheeled,
Wheeled,
Wheeled,
Wheeled,
Wheeled,
Tracked,
Wheeled,
Wheeled,
Wheeled,
Tracked,
Wheeled,
Wheeled,
Wheeled,
Wheeled,
Wheeled,
Tracked,
Wheeled,
Wheeled,
Wheeled,
Wheeled,
Wheeled,
Wheeled,
Wheeled,
Wheeled,
Wheeled,
Wheeled,
Wheeled,
Wheeled,
Wheeled,
Wheeled,
Wheeled,
Wheeled,
Wheeled,
Wheeled,
Wheeled,
Wheeled,
Wheeled,
Wheeled,
Wheeled,
Wheeled,
Wheeled,
Wheeled,
Wheeled,
Wheeled,
Wheeled,
Wheeled,
Wheeled,
Wheeled,
Wheeled,
Wheeled,
Wheeled,
Wheeled,
Wheeled,
Wheeled,
Wheeled,
Wheeled,
Wheeled,
Wheeled,
Wheeled,
Wheeled,
Tracked,
Wheeled,
Wheeled,
Wheeled,
Wheeled,
Wheeled,
Wheeled,
Wheeled,
Wheeled,
Wheeled,
Tracked,
Wheeled,
Wheeled,
Wheeled,
Wheeled,
Wheeled,
Wheeled,
Wheeled,
Wheeled,
Wheeled,
Tracked,
Wheeled,
Wheeled,
Wheeled,
Wheeled,
Wheeled,
Wheeled,
Wheeled,
Wheeled,
Wheeled,
Wheeled,
Wheeled,
Wheeled,
Wheeled,
Wheeled,
Wheeled,
Wheeled,
Wheeled,
Wheeled,
Wheeled,
Wheeled,
Tracked,
Wheeled,
Wheeled,
Wheeled,
Wheeled,
Wheeled,
Wheeled,
Wheeled,
Tracked,
Wheeled,
Wheeled,
Wheeled,
Wheeled,
Wheeled,
Wheeled,
Wheeled,
Wheeled,
Wheeled,
Wheeled,
Wheeled,
Wheeled,
Wheeled,
Tracked,
Wheeled,
Wheeled,
Wheeled,
Wheeled,
Wheeled,
Wheeled,
Wheeled,
Wheeled,
Wheeled,
Wheeled,
Wheeled,
Wheeled,
Wheeled,
Wheeled,
Wheeled,
Wheeled,
Wheeled,
Wheeled,
Wheeled,
Wheeled,
Wheeled,
Tracked,
Wheeled,
Wheeled,
Wheeled,
Wheeled,
Wheeled,
Wheeled,
Wheeled,
Wheeled,
Wheeled,
Wheeled,
Wheeled,
Wheeled,
Wheeled,
Wheeled,
Wheeled,
Wheeled,
Wheeled,
Wheeled,
Wheeled,
Wheeled,
Wheeled,
Wheeled,
Wheeled,
Wheeled,
Wheeled,
Tracked,
Wheeled,
Wheeled,
Wheeled,
Wheeled,
Wheeled,
Wheeled,
Wheeled,
Wheeled,
Wheeled,
Wheeled,
Wheeled,
Wheeled,
Wheeled,
Wheeled,
Wheeled,
Wheeled,
Wheeled,
Wheeled,
Wheeled,
Wheeled,
Wheeled,
Wheeled,
Wheeled,
Wheeled,
Tracked,
Wheeled,
Wheeled,
Wheeled,
Wheeled,
Wheeled,
Wheeled,
Wheeled,
Wheeled,
Wheeled,
Wheeled,
Wheeled,
Wheeled,
Wheeled,
Wheeled,
Wheeled,
Wheeled,
Wheeled,
Wheeled,
Wheeled,
Wheeled,
Wheeled,
Wheeled,
Wheeled,
Wheeled,
Wheeled,
Wheeled,
Wheeled,
Wheeled,
Wheeled,
Wheeled,
Wheeled,
Wheeled,
Wheeled,
Wheeled,
Wheeled,
Wheeled,
Wheeled,
Wheeled,
Wheeled,
Wheeled,
Wheeled,
Tracked,
Wheeled,
Wheeled,
Wheeled,
Wheeled,
Wheeled,
Wheeled,
Wheeled,
Wheeled,
Wheeled,
Wheeled,
Wheeled,
Wheeled,
Wheeled,
Wheeled,
Wheeled,
Wheeled,
Wheeled,
Wheeled,
Wheeled,
Wheeled,
Tracked,
Wheeled,
Wheeled,
Wheeled,
Tracked,
Wheeled,
Tracked,
Tracked,
Wheeled,
Wheeled,
Wheeled,
Wheeled,
Wheeled,
Tracked,
Wheeled,
Wheeled,
Wheeled,
Wheeled,
Wheeled,
Wheeled,
Wheeled,
Wheeled,
Wheeled,
Wheeled,
Tracked,
Wheeled,
Tracked,
Wheeled,
Wheeled,
Wheeled,
Wheeled,
Wheeled,
Wheeled,
Wheeled,
Wheeled,
Wheeled,
Wheeled,
Wheeled,
Wheeled,
Wheeled,
Wheeled,
Wheeled,
Wheeled,
Wheeled,
Wheeled,
Wheeled,
Wheeled,
Wheeled,
Wheeled,
Wheeled,
Wheeled,
Wheeled,
Wheeled,
Wheeled,
Wheeled,
Wheeled,
Wheeled,
Wheeled,
Wheeled,
Wheeled,
Wheeled,
Wheeled,
Wheeled,
Wheeled,
Wheeled,
Wheeled,
Tracked,
Wheeled,
Tracked,
Wheeled,
Wheeled,
Tracked,
Wheeled,
Wheeled,
Wheeled,
Wheeled,
Wheeled,
Wheeled,
Tracked,
Tracked,
Wheeled,
Wheeled,
Wheeled,
Wheeled,
Wheeled,
Wheeled,
Wheeled,
Wheeled,
Wheeled,
Wheeled,
Wheeled,
Wheeled,
Wheeled,
Wheeled,
Wheeled,
Wheeled,
Wheeled,
Wheeled,
Wheeled,
Tracked,
Wheeled,
Wheeled,
Wheeled,
Wheeled,
Wheeled,
Wheeled,
Wheeled,
Wheeled,
Wheeled,
Wheeled,
Wheeled,
Tracked,
Wheeled,
Wheeled,
Wheeled,
Tracked,
Wheeled,
Wheeled,
Wheeled,
Wheeled,
Wheeled,
Wheeled,
Wheeled,
Wheeled,
Tracked,
Wheeled,
Wheeled,
Wheeled,
Wheeled,
Wheeled,
Wheeled,
Wheeled,
Wheeled,
Wheeled,
Tracked,
Wheeled,
Tracked,
Tracked,
Wheeled,
Wheeled,
Wheeled,
Wheeled,
Wheeled,
Wheeled,
Wheeled,
Tracked,
Wheeled,
Wheeled,
Wheeled,
Wheeled,
Wheeled,
Wheeled,
Wheeled,
Wheeled,
Wheeled,
Wheeled,
Wheeled,
Wheeled,
Wheeled,
Wheeled,
Wheeled,
Wheeled,
Wheeled,
Wheeled,
Wheeled,
Wheeled,
Wheeled,
Wheeled,
Wheeled,
Wheeled,
Wheeled,
Wheeled,
Wheeled,
Wheeled,
Wheeled,
Wheeled,
Wheeled,
Wheeled,
Wheeled,
Wheeled,
Wheeled,
Wheeled,
Wheeled,
Wheeled,
Wheeled,
Wheeled,
Wheeled,
Wheeled,
Wheeled,
Tracked,
